X,Y,Z,Cell_Type,ONTOLOGY_ID
188.5,342.5,10,T-Killer,1
136.6,161.4,20,T-Killer,2
437.5,363.5,20,T-Killer,3
203.5,512,20,T-Killer,4
155.579,204.895,0,T-Helper,5
107.5,223.5,0,T-Helper,6
180.593,226.519,0,T-Helper,7
188.5,226.778,0,T-Helper,8
198.579,231.895,0,T-Helper,9
478.5,232,0,T-Helper,10
191,236,0,T-Helper,11
97.5,259,0,T-Helper,12
177.714,290.286,0,T-Helper,13
300.5,320,0,T-Helper,14
207.5,321,0,T-Helper,15
217.5,339,0,T-Helper,16
164.389,353.778,0,T-Helper,17
656.7,365.4,0,T-Helper,18
447.667,369.833,0,T-Helper,19
96.4516,372.613,0,T-Helper,20
576.421,379.895,0,T-Helper,21
98.7586,384.207,0,T-Helper,22
473.933,383.267,0,T-Helper,23
123.5,389,0,T-Helper,24
467,393.5,0,T-Helper,25
657,401,0,T-Helper,26
252,400.5,0,T-Helper,27
505.125,417.125,0,T-Helper,28
404.5,424.5,0,T-Helper,29
616,430,0,T-Helper,30
438.611,442.222,0,T-Helper,31
414,443,0,T-Helper,32
449,452,0,T-Helper,33
356.421,459.105,0,T-Helper,34
217.421,461.105,0,T-Helper,35
195.75,461.5,0,T-Helper,36
526.381,463.524,0,T-Helper,37
562,468,0,T-Helper,38
623.667,472.833,0,T-Helper,39
580.261,476.565,0,T-Helper,40
575.65,485.15,0,T-Helper,41
661.5,515.222,0,T-Helper,42
655.5,518.636,0,T-Helper,43
155.579,204.895,1,T-Helper,44
107.5,223.5,1,T-Helper,45
180.593,226.519,1,T-Helper,46
188.5,226.778,1,T-Helper,47
198.579,231.895,1,T-Helper,48
478.5,232,1,T-Helper,49
191,236,1,T-Helper,50
97.5,259,1,T-Helper,51
177.714,290.286,1,T-Helper,52
300.5,320,1,T-Helper,53
207.5,321,1,T-Helper,54
217.5,339,1,T-Helper,55
164.389,353.778,1,T-Helper,56
656.7,365.4,1,T-Helper,57
447.667,369.833,1,T-Helper,58
96.4516,372.613,1,T-Helper,59
576.421,379.895,1,T-Helper,60
98.7586,384.207,1,T-Helper,61
473.933,383.267,1,T-Helper,62
123.5,389,1,T-Helper,63
467,393.5,1,T-Helper,64
657,401,1,T-Helper,65
252,400.5,1,T-Helper,66
505.125,417.125,1,T-Helper,67
404.5,424.5,1,T-Helper,68
616,430,1,T-Helper,69
438.611,442.222,1,T-Helper,70
414,443,1,T-Helper,71
449,452,1,T-Helper,72
356.421,459.105,1,T-Helper,73
217.421,461.105,1,T-Helper,74
195.75,461.5,1,T-Helper,75
526.381,463.524,1,T-Helper,76
562,468,1,T-Helper,77
623.667,472.833,1,T-Helper,78
580.261,476.565,1,T-Helper,79
575.65,485.15,1,T-Helper,80
661.5,515.222,1,T-Helper,81
655.5,518.636,1,T-Helper,82
229.047,79.4884,3,T-Helper,83
238.627,80.9048,3,T-Helper,84
181.571,79.6786,3,T-Helper,85
97.0952,81.381,3,T-Helper,86
250.646,81.4167,3,T-Helper,87
412.353,84.4118,3,T-Helper,88
441.647,90.5882,3,T-Helper,89
245.222,92.3889,3,T-Helper,90
340.833,95.5833,3,T-Helper,91
174.353,100.412,3,T-Helper,92
144,102.1,3,T-Helper,93
100.351,112.108,3,T-Helper,94
92.2857,112.643,3,T-Helper,95
94.2407,124.407,3,T-Helper,96
447.778,121.611,3,T-Helper,97
466.647,155.588,3,T-Helper,98
461.579,157.105,3,T-Helper,99
454.65,176.85,3,T-Helper,100
516.895,186.579,3,T-Helper,101
486.278,206.556,3,T-Helper,102
598.722,280.389,3,T-Helper,103
148.6,282.6,3,T-Helper,104
176.5,283.5,3,T-Helper,105
543.35,287.15,3,T-Helper,106
101.222,288.389,3,T-Helper,107
202.824,296.294,3,T-Helper,108
129.389,308.278,3,T-Helper,109
611.588,313.353,3,T-Helper,110
183.7,341.15,3,T-Helper,111
614.412,340.647,3,T-Helper,112
352.278,363.556,3,T-Helper,113
614.414,365.517,3,T-Helper,114
219.781,380,3,T-Helper,115
731.5,378.5,3,T-Helper,116
516.5,385.25,3,T-Helper,117
557.353,397.412,3,T-Helper,118
729.6,401.96,3,T-Helper,119
395.3,404,3,T-Helper,120
609.391,406.565,3,T-Helper,121
280.727,412.955,3,T-Helper,122
600,412.5,3,T-Helper,123
755.5,412.5,3,T-Helper,124
676.353,424.412,3,T-Helper,125
278.381,430.905,3,T-Helper,126
526.5,444.5,3,T-Helper,127
520.5,446.5,3,T-Helper,128
278.115,448.077,3,T-Helper,129
522.944,461.278,3,T-Helper,130
680.966,464.207,3,T-Helper,131
524.167,470.667,3,T-Helper,132
505.357,473.286,3,T-Helper,133
623.081,481.849,3,T-Helper,134
602.154,484.41,3,T-Helper,135
712,483,3,T-Helper,136
779.6,487.011,3,T-Helper,137
757.579,486.105,3,T-Helper,138
374.273,486.864,3,T-Helper,139
614.273,486.955,3,T-Helper,140
647.714,486.857,3,T-Helper,141
768.059,488.353,3,T-Helper,142
721.632,488.526,3,T-Helper,143
606,489,3,T-Helper,144
762.389,490.778,3,T-Helper,145
728,491.5,3,T-Helper,146
268,509.5,3,T-Helper,147
280.5,520,3,T-Helper,148
105.5,288.5,4,T-Helper,149
211.588,293.353,4,T-Helper,150
111.5,301,4,T-Helper,151
201.421,300.895,4,T-Helper,152
144.45,383.05,4,T-Helper,153
490.412,382.647,4,T-Helper,154
210.421,386.895,4,T-Helper,155
468.5,412.5,4,T-Helper,156
471.919,420.703,4,T-Helper,157
234.87,420.826,4,T-Helper,158
493.133,421.533,4,T-Helper,159
481.083,456.917,4,T-Helper,160
581.15,480.3,4,T-Helper,161
400.951,91.5122,9,T-Helper,162
393.5,90,9,T-Helper,163
315.5,97,9,T-Helper,164
446.579,125.105,9,T-Helper,165
426.5,135,9,T-Helper,166
290.5,145.5,9,T-Helper,167
390.389,150.778,9,T-Helper,168
333,158.5,9,T-Helper,169
449.5,158.868,9,T-Helper,170
413.579,174.105,9,T-Helper,171
455.5,182,9,T-Helper,172
459.412,200.647,9,T-Helper,173
448.5,207.5,9,T-Helper,174
475.5,214,9,T-Helper,175
474.412,222.647,9,T-Helper,176
468.938,230.812,9,T-Helper,177
337.083,263.083,9,T-Helper,178
473.803,276.885,9,T-Helper,179
324.5,275.5,9,T-Helper,180
543.588,276.706,9,T-Helper,181
496.5,283.5,9,T-Helper,182
508.611,285.222,9,T-Helper,183
118.5,290.5,9,T-Helper,184
444.871,292.903,9,T-Helper,185
153.611,293.222,9,T-Helper,186
172.5,300,9,T-Helper,187
558.5,300,9,T-Helper,188
442.111,302.944,9,T-Helper,189
160.421,304.895,9,T-Helper,190
580.5,304.5,9,T-Helper,191
150.6,306.4,9,T-Helper,192
434.389,306.778,9,T-Helper,193
133.588,308.353,9,T-Helper,194
470.5,308.5,9,T-Helper,195
96,309.5,9,T-Helper,196
497,314,9,T-Helper,197
478.5,318.5,9,T-Helper,198
543.5,327.5,9,T-Helper,199
297.321,334.179,9,T-Helper,200
543.5,363,9,T-Helper,201
552.593,367.889,9,T-Helper,202
537.5,371,9,T-Helper,203
485.211,372.053,9,T-Helper,204
406.133,374.533,9,T-Helper,205
625,376,9,T-Helper,206
639.5,376.5,9,T-Helper,207
205.5,379,9,T-Helper,208
561.5,379,9,T-Helper,209
511.5,399.5,9,T-Helper,210
222.5,401.5,9,T-Helper,211
517.591,404.727,9,T-Helper,212
393.5,406.5,9,T-Helper,213
231.389,408.778,9,T-Helper,214
541.5,410.5,9,T-Helper,215
443.421,418.895,9,T-Helper,216
514.146,426.812,9,T-Helper,217
238.421,430.105,9,T-Helper,218
419.056,434.222,9,T-Helper,219
425,438,9,T-Helper,220
445.5,438.5,9,T-Helper,221
557.882,445.147,9,T-Helper,222
406.611,445.25,9,T-Helper,223
202,444.5,9,T-Helper,224
440.966,446.31,9,T-Helper,225
209.5,448.5,9,T-Helper,226
199.5,451,9,T-Helper,227
537.5,452,9,T-Helper,228
284.913,453.478,9,T-Helper,229
402.857,454.429,9,T-Helper,230
274.5,460.5,9,T-Helper,231
244.944,461.778,9,T-Helper,232
430.421,461.895,9,T-Helper,233
534,464.5,9,T-Helper,234
533.588,472.353,9,T-Helper,235
415,474.5,9,T-Helper,236
579.611,476.222,9,T-Helper,237
483.241,477.31,9,T-Helper,238
503.579,482.105,9,T-Helper,239
327.333,490,9,T-Helper,240
483.5,495.5,9,T-Helper,241
455.304,504.2,9,T-Helper,242
196.5,507,9,T-Helper,243
404.111,508.944,9,T-Helper,244
634.722,509.778,9,T-Helper,245
437.595,512.19,9,T-Helper,246
277.5,520,9,T-Helper,247
140,260,10,T-Helper,248
175.3,264,10,T-Helper,249
150.826,267.87,10,T-Helper,250
190.5,275,10,T-Helper,251
159.826,276.87,10,T-Helper,252
236.5,390,10,T-Helper,253
462.4,408.771,10,T-Helper,254
230.174,413.13,10,T-Helper,255
439.5,412.5,10,T-Helper,256
544.381,420.095,10,T-Helper,257
559.5,450,10,T-Helper,258
410.304,461.174,10,T-Helper,259
526.5,474.5,10,T-Helper,260
199.5,476.5,10,T-Helper,261
463.426,493.705,10,T-Helper,262
465,499,10,T-Helper,263
486.5,106.5,11,T-Helper,264
382.778,114.611,11,T-Helper,265
476,121.5,11,T-Helper,266
516,135,11,T-Helper,267
444.389,150.222,11,T-Helper,268
147,173.5,11,T-Helper,269
568.143,174.357,11,T-Helper,270
97.5,233.5,11,T-Helper,271
594.389,238.222,11,T-Helper,272
95.1176,241.559,11,T-Helper,273
94.5,251.5,11,T-Helper,274
665,270.348,11,T-Helper,275
129.7,272.7,11,T-Helper,276
205,281.5,11,T-Helper,277
714.611,284.778,11,T-Helper,278
229.167,293,11,T-Helper,279
208.474,300.658,11,T-Helper,280
190,299.5,11,T-Helper,281
201.837,302.898,11,T-Helper,282
530.5,329.5,11,T-Helper,283
91.5,351,11,T-Helper,284
257.5,365.5,11,T-Helper,285
268.895,365.579,11,T-Helper,286
633.5,380,11,T-Helper,287
451.5,389.5,11,T-Helper,288
288.043,398.426,11,T-Helper,289
452,405.5,11,T-Helper,290
615.105,413.421,11,T-Helper,291
293.412,417.353,11,T-Helper,292
558.083,417.917,11,T-Helper,293
597.5,419,11,T-Helper,294
522.435,425.609,11,T-Helper,295
303.5,427.5,11,T-Helper,296
555,430.5,11,T-Helper,297
501.579,432.895,11,T-Helper,298
523.174,442.87,11,T-Helper,299
554.5,454.5,11,T-Helper,300
620.5,456.5,11,T-Helper,301
521.5,461.5,11,T-Helper,302
538.5,467.5,11,T-Helper,303
536,484.5,11,T-Helper,304
558.5,500,11,T-Helper,305
386.895,501.579,11,T-Helper,306
566.593,506.271,11,T-Helper,307
593.5,505.5,11,T-Helper,308
360.105,509.421,11,T-Helper,309
597.5,510.5,11,T-Helper,310
558.647,512.588,11,T-Helper,311
565.674,517.674,11,T-Helper,312
288.25,74.5,18,T-Helper,313
359,87,18,T-Helper,314
439,89,18,T-Helper,315
375.5,96.5,18,T-Helper,316
444.5,97,18,T-Helper,317
166.5,104.5,18,T-Helper,318
453.143,111.357,18,T-Helper,319
460.24,114.12,18,T-Helper,320
505.25,126.25,18,T-Helper,321
496.5,131.5,18,T-Helper,322
476.562,148.562,18,T-Helper,323
140.5,290.5,18,T-Helper,324
545.5,308.5,18,T-Helper,325
437.5,382.5,18,T-Helper,326
257.5,383.5,18,T-Helper,327
579,387.5,18,T-Helper,328
271.5,393.5,18,T-Helper,329
556.75,421.5,18,T-Helper,330
452,444,18,T-Helper,331
441.5,458.5,18,T-Helper,332
106.5,461,18,T-Helper,333
497.5,471.5,18,T-Helper,334
98.5,475,18,T-Helper,335
107,494.5,18,T-Helper,336
110.5,500.5,18,T-Helper,337
115.632,505.526,18,T-Helper,338
141.611,509.222,18,T-Helper,339
364.5,84.5,20,T-Helper,340
389.5,86.5,20,T-Helper,341
396.5,86.5,20,T-Helper,342
402.5,90.5,20,T-Helper,343
462.222,106.278,20,T-Helper,344
470.5,110,20,T-Helper,345
455.5,120.5,20,T-Helper,346
139.6,185.4,20,T-Helper,347
560.5,321,20,T-Helper,348
286.5,326.5,20,T-Helper,349
438.5,357.5,20,T-Helper,350
291.5,373.5,20,T-Helper,351
341.5,380.5,20,T-Helper,352
346.5,381,20,T-Helper,353
148.5,388.5,20,T-Helper,354
455.75,395.5,20,T-Helper,355
529,412,20,T-Helper,356
542.5,436.5,20,T-Helper,357
522.5,441.5,20,T-Helper,358
322.576,476.485,20,T-Helper,359
200,491.5,20,T-Helper,360
203.5,512,20,T-Helper,361
182.5,414,23,T-Helper,362
422.32,485.36,23,T-Helper,363
440.5,485,23,T-Helper,364
340,488.5,23,T-Helper,365
251.353,79.4118,3,T-Reg,366
236.889,84.3889,3,T-Reg,367
412.353,84.4118,3,T-Reg,368
441.647,90.5882,3,T-Reg,369
174.353,100.412,3,T-Reg,370
101.778,113.611,3,T-Reg,371
95.8824,121.529,3,T-Reg,372
486.278,206.556,3,T-Reg,373
176.5,283.5,3,T-Reg,374
543.35,287.15,3,T-Reg,375
202.824,296.294,3,T-Reg,376
129.389,308.278,3,T-Reg,377
183.7,341.15,3,T-Reg,378
731.5,378.5,3,T-Reg,379
274.833,386.667,3,T-Reg,380
280.941,397.647,3,T-Reg,381
257.364,408.879,3,T-Reg,382
624.368,484.158,3,T-Reg,383
712,483,3,T-Reg,384
779.6,487.011,3,T-Reg,385
768.059,488.353,3,T-Reg,386
111.5,301,4,T-Reg,387
470.647,418.588,4,T-Reg,388
171.048,292.19,9,T-Reg,389
153.136,293.273,9,T-Reg,390
159.667,294.533,9,T-Reg,391
172.389,298.778,9,T-Reg,392
126.188,302.375,9,T-Reg,393
170,305,9,T-Reg,394
183,309.5,9,T-Reg,395
129.864,311.727,9,T-Reg,396
143,312.5,9,T-Reg,397
216.5,360.5,9,T-Reg,398
222.5,401.5,9,T-Reg,399
140,260,10,T-Reg,400
175.3,264,10,T-Reg,401
190.5,275,10,T-Reg,402
236.5,390,10,T-Reg,403
97.5,233.5,11,T-Reg,404
594.389,238.222,11,T-Reg,405
94.5,241.5,11,T-Reg,406
130.5,270.5,11,T-Reg,407
195.095,286.619,11,T-Reg,408
207,306.5,11,T-Reg,409
293.412,417.353,11,T-Reg,410
303.5,427.5,11,T-Reg,411
554.5,427.5,11,T-Reg,412
522.222,444.389,11,T-Reg,413
554.5,454.5,11,T-Reg,414
564.5,519,11,T-Reg,415
439.892,89.0541,18,T-Reg,416
166.5,104.5,18,T-Reg,417
453.143,111.357,18,T-Reg,418
335,184.5,18,T-Reg,419
189.5,293.5,18,T-Reg,420
441.5,458.5,18,T-Reg,421
227.611,467.222,18,T-Reg,422
98.5,475,18,T-Reg,423
108.8,497.1,18,T-Reg,424
115.632,505.526,18,T-Reg,425
492,124,0,CD68,426
535,119.5,1,CD68,427
446,142,1,CD68,428
505,274,1,CD68,429
509,456,1,CD68,430
474,86,2,CD68,431
342,96,3,CD68,432
298,216,3,CD68,433
449,72,4,CD68,434
445,83,4,CD68,435
525,102,4,CD68,436
335,123,4,CD68,437
317,195,4,CD68,438
552,307,4,CD68,439
607,392,4,CD68,440
292,509,5,CD68,441
426,257,6,CD68,442
412,242,7,CD68,443
224,416,7,CD68,444
295,374,8,CD68,445
314,99,9,CD68,446
314,103,9,CD68,447
100,162,9,CD68,448
545,183,9,CD68,449
183,232,9,CD68,450
571,259,9,CD68,451
325,273,9,CD68,452
616,310,9,CD68,453
487,323,9,CD68,454
613,348,9,CD68,455
552,356,9,CD68,456
504,357,9,CD68,457
274,360,9,CD68,458
545,362,9,CD68,459
454,422,9,CD68,460
394,442,9,CD68,461
571,456,9,CD68,462
257,462,9,CD68,463
327,491,9,CD68,464
261,514,9,CD68,465
218,110,10,CD68,466
301,128,10,CD68,467
511,133,10,CD68,468
92,149,10,CD68,469
573,255,10,CD68,470
554,273,10,CD68,471
355,275,10,CD68,472
535,312,10,CD68,473
493,336,10,CD68,474
695,348,10,CD68,475
546,358.5,10,CD68,476
765,358,10,CD68,477
299,432.5,10,CD68,478
259,436,10,CD68,479
451,456,10,CD68,480
382,457,10,CD68,481
275,476,10,CD68,482
208,481,10,CD68,483
199,120,11,CD68,484
136,250,11,CD68,485
667,269,11,CD68,486
480,341,11,CD68,487
713,409,11,CD68,488
685,462,11,CD68,489
460,493,11,CD68,490
363,225,12,CD68,491
456,155,13,CD68,492
562,116,14,CD68,493
644,267,15,CD68,494
524,289,15,CD68,495
447,142,16,CD68,496
602,475,17,CD68,497
387,111,18,CD68,498
574,151,18,CD68,499
390,157,18,CD68,500
92,260,18,CD68,501
438,261,18,CD68,502
114,277,18,CD68,503
116,278,18,CD68,504
205,296,18,CD68,505
296,337,18,CD68,506
500,354,18,CD68,507
620,399,18,CD68,508
359,439,18,CD68,509
224,449,18,CD68,510
514,466,18,CD68,511
483,393,19,CD68,512
602,297,20,CD68,513
338,370,20,CD68,514
333,381,20,CD68,515
606,253,21,CD68,516
473,314,22,CD68,517
423,357,23,CD68,518
266.667,80.6667,0,Endothelial,519
257.25,84.25,0,Endothelial,520
265.5,88.5,0,Endothelial,521
286.5,90,0,Endothelial,522
283.333,92.3333,0,Endothelial,523
279.333,96.6667,0,Endothelial,524
289.333,122.667,0,Endothelial,525
124,132,0,Endothelial,526
120.5,145,0,Endothelial,527
115.167,158,0,Endothelial,528
113.5,164,0,Endothelial,529
277.333,174.667,0,Endothelial,530
261.333,175.333,0,Endothelial,531
103.667,194.333,0,Endothelial,532
520.5,214,0,Endothelial,533
521.25,226.75,0,Endothelial,534
518.833,243.667,0,Endothelial,535
672.154,264.538,0,Endothelial,536
521.5,267.5,0,Endothelial,537
144.667,268.333,0,Endothelial,538
229.667,278.333,0,Endothelial,539
204.333,284.667,0,Endothelial,540
194.667,287.667,0,Endothelial,541
236.667,291.833,0,Endothelial,542
201.667,292.333,0,Endothelial,543
214.333,295.333,0,Endothelial,544
98.3333,296.667,0,Endothelial,545
209.167,301.333,0,Endothelial,546
210.5,303.5,0,Endothelial,547
213.5,304.5,0,Endothelial,548
220.667,304.667,0,Endothelial,549
244.333,310.333,0,Endothelial,550
512.5,312,0,Endothelial,551
525.5,315,0,Endothelial,552
247.333,323.333,0,Endothelial,553
175.4,328.2,0,Endothelial,554
246.667,327.667,0,Endothelial,555
174,331.5,0,Endothelial,556
673,344.833,0,Endothelial,557
100.667,345.333,0,Endothelial,558
676.25,345.75,0,Endothelial,559
687.667,347.333,0,Endothelial,560
729.857,357,0,Endothelial,561
257,363,0,Endothelial,562
221.667,364.667,0,Endothelial,563
679.333,368.333,0,Endothelial,564
498.667,371.333,0,Endothelial,565
270.6,376.8,0,Endothelial,566
788.5,376.5,0,Endothelial,567
332.75,378.75,0,Endothelial,568
341.75,381,0,Endothelial,569
715,380,0,Endothelial,570
615.625,382.375,0,Endothelial,571
783.667,382.667,0,Endothelial,572
719.667,383.667,0,Endothelial,573
810.5,384.5,0,Endothelial,574
717,386,0,Endothelial,575
704,388,0,Endothelial,576
535.667,396.667,0,Endothelial,577
721.25,397.25,0,Endothelial,578
476.556,399.222,0,Endothelial,579
209,398.25,0,Endothelial,580
152.5,399.5,0,Endothelial,581
168.5,401,0,Endothelial,582
645.667,401.667,0,Endothelial,583
740.5,401.5,0,Endothelial,584
479,403.25,0,Endothelial,585
544.333,406.667,0,Endothelial,586
741.455,406.909,0,Endothelial,587
643.5,408.5,0,Endothelial,588
498.909,410.636,0,Endothelial,589
487.333,411.333,0,Endothelial,590
740.2,412.4,0,Endothelial,591
461.5,413.5,0,Endothelial,592
526.167,414.167,0,Endothelial,593
772,413.75,0,Endothelial,594
504.667,414.333,0,Endothelial,595
527,418,0,Endothelial,596
638.286,420.286,0,Endothelial,597
534.667,420.333,0,Endothelial,598
635.375,425.875,0,Endothelial,599
120.6,425.8,0,Endothelial,600
538,427.5,0,Endothelial,601
639.333,426.333,0,Endothelial,602
485.5,428,0,Endothelial,603
291.5,428.5,0,Endothelial,604
550.5,437.5,0,Endothelial,605
487,440,0,Endothelial,606
511,443,0,Endothelial,607
95.5,450,0,Endothelial,608
523.2,451.2,0,Endothelial,609
513.571,452.286,0,Endothelial,610
280.5,452.5,0,Endothelial,611
509,452.5,0,Endothelial,612
502.25,453.25,0,Endothelial,613
518.222,453.778,0,Endothelial,614
505.667,454.5,0,Endothelial,615
534.357,457.75,0,Endothelial,616
525,457,0,Endothelial,617
648.5,458.5,0,Endothelial,618
474.333,460.333,0,Endothelial,619
518.5,464,0,Endothelial,620
136.667,465.667,0,Endothelial,621
700.5,465.5,0,Endothelial,622
696.25,468,0,Endothelial,623
703.75,467.75,0,Endothelial,624
678.625,469.875,0,Endothelial,625
492.75,471,0,Endothelial,626
703,470,0,Endothelial,627
489.333,471.667,0,Endothelial,628
306.714,473.714,0,Endothelial,629
665.667,473.667,0,Endothelial,630
666.333,477.333,0,Endothelial,631
806,483.25,0,Endothelial,632
108.333,494.667,0,Endothelial,633
797.4,505.8,0,Endothelial,634
228.667,514.333,0,Endothelial,635
142.75,74.25,1,Endothelial,636
408.091,75.0909,1,Endothelial,637
369,76,1,Endothelial,638
289.333,78.6667,1,Endothelial,639
348.6,79.4,1,Endothelial,640
372.4,79.8,1,Endothelial,641
410.857,81.2857,1,Endothelial,642
406.2,82.4,1,Endothelial,643
749.5,86,1,Endothelial,644
760.5,89.5,1,Endothelial,645
498.667,94.3333,1,Endothelial,646
411.231,98.4615,1,Endothelial,647
435.429,99.2857,1,Endothelial,648
498.25,99,1,Endothelial,649
383.19,107.048,1,Endothelial,650
411.667,104.333,1,Endothelial,651
351.833,106.833,1,Endothelial,652
548,112.5,1,Endothelial,653
769,117.286,1,Endothelial,654
808.4,123.2,1,Endothelial,655
560.333,124.333,1,Endothelial,656
247.667,132.667,1,Endothelial,657
363,133,1,Endothelial,658
369.5,134,1,Endothelial,659
572,142,1,Endothelial,660
312,154.5,1,Endothelial,661
725.6,155.6,1,Endothelial,662
315.222,158.556,1,Endothelial,663
297.933,162.333,1,Endothelial,664
586.667,165.667,1,Endothelial,665
463.4,172.8,1,Endothelial,666
297.5,175.5,1,Endothelial,667
482.5,176.5,1,Endothelial,668
198,180.5,1,Endothelial,669
288.6,190.8,1,Endothelial,670
450.8,190.6,1,Endothelial,671
428.278,194.278,1,Endothelial,672
251.667,193.333,1,Endothelial,673
305.5,196,1,Endothelial,674
430.909,201.455,1,Endothelial,675
512.667,198.667,1,Endothelial,676
311.05,202.25,1,Endothelial,677
147.333,200.667,1,Endothelial,678
156.5,201.5,1,Endothelial,679
354.923,204.923,1,Endothelial,680
92.2,209.2,1,Endothelial,681
146.75,209.25,1,Endothelial,682
156.667,209.667,1,Endothelial,683
357.667,209.333,1,Endothelial,684
149.75,210.25,1,Endothelial,685
262.6,215.4,1,Endothelial,686
95.6667,215.667,1,Endothelial,687
742,219,1,Endothelial,688
264.75,219.25,1,Endothelial,689
792.667,219.333,1,Endothelial,690
212.333,220.667,1,Endothelial,691
391.783,224.217,1,Endothelial,692
207.333,223.333,1,Endothelial,693
191.167,226.667,1,Endothelial,694
381.75,226.75,1,Endothelial,695
463.667,226.667,1,Endothelial,696
133.5,228.5,1,Endothelial,697
192.286,231.429,1,Endothelial,698
405.286,232.571,1,Endothelial,699
444.292,235.833,1,Endothelial,700
157.833,234.667,1,Endothelial,701
440,235,1,Endothelial,702
211.5,236.5,1,Endothelial,703
216.5,238.5,1,Endothelial,704
409.923,239.692,1,Endothelial,705
477.6,238.4,1,Endothelial,706
212.333,239.333,1,Endothelial,707
218.667,240.667,1,Endothelial,708
221.5,243.5,1,Endothelial,709
746.667,243.333,1,Endothelial,710
208.333,250.333,1,Endothelial,711
223.333,251.667,1,Endothelial,712
242.5,256.5,1,Endothelial,713
444,257.8,1,Endothelial,714
92.5,260,1,Endothelial,715
545,260,1,Endothelial,716
795.667,260.333,1,Endothelial,717
472.6,264.4,1,Endothelial,718
586.333,264.333,1,Endothelial,719
604.167,266.333,1,Endothelial,720
587.5,267,1,Endothelial,721
444.5,269.5,1,Endothelial,722
227.2,272.2,1,Endothelial,723
448.667,271.667,1,Endothelial,724
406.75,272.75,1,Endothelial,725
281.55,282.3,1,Endothelial,726
391.955,288.909,1,Endothelial,727
521.571,285.714,1,Endothelial,728
290.37,290.593,1,Endothelial,729
224.5,288.5,1,Endothelial,730
522.3,292.7,1,Endothelial,731
745.667,297.333,1,Endothelial,732
572.375,300,1,Endothelial,733
107,304,1,Endothelial,734
707.333,303.667,1,Endothelial,735
306.833,307,1,Endothelial,736
725.667,308.667,1,Endothelial,737
595,313.308,1,Endothelial,738
188.667,312.333,1,Endothelial,739
471.25,314,1,Endothelial,740
399.8,315.6,1,Endothelial,741
466.75,316,1,Endothelial,742
305,319.167,1,Endothelial,743
599.333,318.667,1,Endothelial,744
129.5,319.5,1,Endothelial,745
601.667,320.333,1,Endothelial,746
360.522,328.478,1,Endothelial,747
551.471,330.529,1,Endothelial,748
427.25,331.25,1,Endothelial,749
309,340.5,1,Endothelial,750
211.5,340.5,1,Endothelial,751
524.2,344.4,1,Endothelial,752
309.5,347,1,Endothelial,753
588.25,348.25,1,Endothelial,754
592.167,348.667,1,Endothelial,755
425.111,350.556,1,Endothelial,756
638,355,1,Endothelial,757
300.8,356.6,1,Endothelial,758
604.5,356,1,Endothelial,759
451.667,359.667,1,Endothelial,760
297.75,361.75,1,Endothelial,761
656,362,1,Endothelial,762
729,363.25,1,Endothelial,763
724.222,363.444,1,Endothelial,764
296.2,364.4,1,Endothelial,765
460.111,367.778,1,Endothelial,766
733.25,366.25,1,Endothelial,767
448.8,365.8,1,Endothelial,768
557.778,366.667,1,Endothelial,769
230.667,366.667,1,Endothelial,770
538.833,367.333,1,Endothelial,771
242.667,367.333,1,Endothelial,772
785,368.833,1,Endothelial,773
721,370.5,1,Endothelial,774
276.846,378.231,1,Endothelial,775
466.143,378.857,1,Endothelial,776
235.5,381.5,1,Endothelial,777
472.5,381.5,1,Endothelial,778
99.4,384.2,1,Endothelial,779
275.333,386.333,1,Endothelial,780
224.25,387,1,Endothelial,781
469.333,387.333,1,Endothelial,782
122,390.273,1,Endothelial,783
614.667,388.333,1,Endothelial,784
466.667,390.889,1,Endothelial,785
410.333,390.667,1,Endothelial,786
616.5,390.5,1,Endothelial,787
538.5,392,1,Endothelial,788
231.333,392.333,1,Endothelial,789
342.333,392.667,1,Endothelial,790
663.857,394.286,1,Endothelial,791
347.438,395.75,1,Endothelial,792
675.571,395.143,1,Endothelial,793
660.667,395.333,1,Endothelial,794
669,395,1,Endothelial,795
404.25,397,1,Endothelial,796
252,400,1,Endothelial,797
658.2,399.6,1,Endothelial,798
275.5,400.5,1,Endothelial,799
430.667,400.333,1,Endothelial,800
312.545,403.273,1,Endothelial,801
708.25,403.25,1,Endothelial,802
257.667,402.667,1,Endothelial,803
407.25,403.75,1,Endothelial,804
458.889,404.333,1,Endothelial,805
606.5,404.333,1,Endothelial,806
428,405.167,1,Endothelial,807
100.75,406,1,Endothelial,808
641.5,406.5,1,Endothelial,809
409.143,409.429,1,Endothelial,810
575.5,408.5,1,Endothelial,811
655.6,408.8,1,Endothelial,812
600.8,410.4,1,Endothelial,813
312.875,414.5,1,Endothelial,814
431.333,416.333,1,Endothelial,815
600.25,417,1,Endothelial,816
625.2,418.2,1,Endothelial,817
197.067,421,1,Endothelial,818
462.25,421.25,1,Endothelial,819
656.333,420.333,1,Endothelial,820
623.5,421.5,1,Endothelial,821
349.333,423.667,1,Endothelial,822
464.556,425.944,1,Endothelial,823
168,426,1,Endothelial,824
320.214,428.357,1,Endothelial,825
566,426,1,Endothelial,826
626.667,426.333,1,Endothelial,827
564.667,429.333,1,Endothelial,828
622.333,430.333,1,Endothelial,829
469,433,1,Endothelial,830
611.667,432.667,1,Endothelial,831
464.5,433.5,1,Endothelial,832
653.5,436,1,Endothelial,833
418.5,437,1,Endothelial,834
423.909,437.909,1,Endothelial,835
470.5,439.167,1,Endothelial,836
467.6,437.8,1,Endothelial,837
604.571,439.143,1,Endothelial,838
430.375,441.5,1,Endothelial,839
776.375,442,1,Endothelial,840
420.2,443.8,1,Endothelial,841
444,443.5,1,Endothelial,842
199.5,443.5,1,Endothelial,843
345.333,444.5,1,Endothelial,844
426.375,445.625,1,Endothelial,845
205.333,448.333,1,Endothelial,846
315.2,449.4,1,Endothelial,847
200.333,450.667,1,Endothelial,848
242.75,451.25,1,Endothelial,849
441.333,453.333,1,Endothelial,850
247,456.111,1,Endothelial,851
444.25,455,1,Endothelial,852
216.1,458.7,1,Endothelial,853
355.333,457.667,1,Endothelial,854
468.333,457.333,1,Endothelial,855
441.5,458.5,1,Endothelial,856
782.6,459.2,1,Endothelial,857
219.364,461.545,1,Endothelial,858
608.267,461.533,1,Endothelial,859
614.643,461.143,1,Endothelial,860
254.5,461.5,1,Endothelial,861
433,461.5,1,Endothelial,862
437.667,462.5,1,Endothelial,863
500.4,462.1,1,Endothelial,864
511.071,465.143,1,Endothelial,865
522,464.167,1,Endothelial,866
665.6,465.2,1,Endothelial,867
502,465,1,Endothelial,868
516.5,465.5,1,Endothelial,869
519,467.667,1,Endothelial,870
547.778,466.556,1,Endothelial,871
552.4,467.2,1,Endothelial,872
420.667,468.833,1,Endothelial,873
556.25,468,1,Endothelial,874
523.143,469.286,1,Endothelial,875
526.5,469.5,1,Endothelial,876
487.667,471.333,1,Endothelial,877
536.778,472.333,1,Endothelial,878
481.25,473.083,1,Endothelial,879
564.667,472.667,1,Endothelial,880
544.133,473.867,1,Endothelial,881
568.2,474.933,1,Endothelial,882
589,477.3,1,Endothelial,883
563.75,480.25,1,Endothelial,884
594,479.833,1,Endothelial,885
799.75,483,1,Endothelial,886
775.429,485.429,1,Endothelial,887
782.5,486.5,1,Endothelial,888
787,487,1,Endothelial,889
775,490,1,Endothelial,890
539.2,490.6,1,Endothelial,891
619.333,492.333,1,Endothelial,892
533.25,493.75,1,Endothelial,893
775,494,1,Endothelial,894
520,494.75,1,Endothelial,895
771.333,495.333,1,Endothelial,896
643.714,508.429,1,Endothelial,897
793.667,509.667,1,Endothelial,898
640.5,514,1,Endothelial,899
657.5,514,1,Endothelial,900
778.692,517.692,1,Endothelial,901
656.667,519.333,1,Endothelial,902
521,195.5,3,Endothelial,903
223.333,302.333,3,Endothelial,904
722.4,337.2,3,Endothelial,905
523.6,366.2,3,Endothelial,906
239,382,3,Endothelial,907
701.667,429.333,3,Endothelial,908
370.333,432.111,3,Endothelial,909
545.143,438.429,3,Endothelial,910
549.667,440.333,3,Endothelial,911
608.5,441.333,3,Endothelial,912
619.667,441.333,3,Endothelial,913
624.857,442.286,3,Endothelial,914
632.5,443,3,Endothelial,915
640,443,3,Endothelial,916
645.5,444,3,Endothelial,917
529,447,3,Endothelial,918
618.067,446.867,3,Endothelial,919
666.5,446,3,Endothelial,920
627.5,447,3,Endothelial,921
634.214,448.786,3,Endothelial,922
643.7,449.6,3,Endothelial,923
703.75,450.833,3,Endothelial,924
651.5,451,3,Endothelial,925
656.5,451.5,3,Endothelial,926
660.25,451.25,3,Endothelial,927
663.667,451.667,3,Endothelial,928
695,454,3,Endothelial,929
502.333,456.667,3,Endothelial,930
683,456,3,Endothelial,931
701.667,456.667,3,Endothelial,932
687,458,3,Endothelial,933
603.357,460.429,3,Endothelial,934
699.333,462.333,3,Endothelial,935
709.857,464,3,Endothelial,936
716.667,464.667,3,Endothelial,937
721,465,3,Endothelial,938
726.25,465.25,3,Endothelial,939
734,466,3,Endothelial,940
741.5,468.125,3,Endothelial,941
769,479,3,Endothelial,942
772.8,480,3,Endothelial,943
125.667,482.333,3,Endothelial,944
620,483,3,Endothelial,945
260,75,4,Endothelial,946
110.667,111.5,4,Endothelial,947
106.333,120.333,4,Endothelial,948
126.333,207.333,4,Endothelial,949
394,210,4,Endothelial,950
505,223.5,4,Endothelial,951
509.5,226.5,4,Endothelial,952
205.333,275.333,4,Endothelial,953
154.5,289,4,Endothelial,954
205.714,298.286,4,Endothelial,955
208.5,297.5,4,Endothelial,956
130.5,301.5,4,Endothelial,957
513,325.167,4,Endothelial,958
200,330.167,4,Endothelial,959
636,334.25,4,Endothelial,960
506.667,349.333,4,Endothelial,961
503.438,354.312,4,Endothelial,962
679.667,354.667,4,Endothelial,963
610.2,356.4,4,Endothelial,964
807,357,4,Endothelial,965
498.5,361,4,Endothelial,966
497.8,364.4,4,Endothelial,967
323.4,369.4,4,Endothelial,968
640.333,373.667,4,Endothelial,969
693.667,373.667,4,Endothelial,970
718,378,4,Endothelial,971
788.6,379.2,4,Endothelial,972
588.75,381,4,Endothelial,973
691.5,380,4,Endothelial,974
326.5,382.5,4,Endothelial,975
262.333,384.333,4,Endothelial,976
579.25,388.25,4,Endothelial,977
581.6,392.4,4,Endothelial,978
715.5,391.5,4,Endothelial,979
328.667,392.667,4,Endothelial,980
577,394.5,4,Endothelial,981
480.667,396.333,4,Endothelial,982
482.5,398,4,Endothelial,983
577.7,401.35,4,Endothelial,984
689.5,400.5,4,Endothelial,985
582,404.769,4,Endothelial,986
453.667,407.333,4,Endothelial,987
645.667,425.667,4,Endothelial,988
665.571,429.286,4,Endothelial,989
513.462,435.769,4,Endothelial,990
517.667,436.333,4,Endothelial,991
573.5,440,4,Endothelial,992
514.429,442.857,4,Endothelial,993
662.5,446,4,Endothelial,994
665.2,445.4,4,Endothelial,995
521,447.1,4,Endothelial,996
641.545,447.091,4,Endothelial,997
658.667,447.8,4,Endothelial,998
671.333,446.333,4,Endothelial,999
646.5,448.5,4,Endothelial,1000
464,449,4,Endothelial,1001
650,449.5,4,Endothelial,1002
666.259,452.926,4,Endothelial,1003
465.667,452.333,4,Endothelial,1004
470,456.167,4,Endothelial,1005
645,455,4,Endothelial,1006
671,455.5,4,Endothelial,1007
648.833,456.667,4,Endothelial,1008
683.5,458,4,Endothelial,1009
491.75,459.25,4,Endothelial,1010
571.8,458.8,4,Endothelial,1011
578.75,459,4,Endothelial,1012
656.667,458.333,4,Endothelial,1013
567.5,459,4,Endothelial,1014
689.8,459.4,4,Endothelial,1015
575.5,460,4,Endothelial,1016
664.333,460.333,4,Endothelial,1017
668.167,460.833,4,Endothelial,1018
259.5,462.5,4,Endothelial,1019
680.571,463.429,4,Endothelial,1020
684.333,464.333,4,Endothelial,1021
688.2,464.6,4,Endothelial,1022
691.8,465.4,4,Endothelial,1023
696.6,467.667,4,Endothelial,1024
702.5,466.5,4,Endothelial,1025
718.6,474.4,4,Endothelial,1026
809.667,479.333,4,Endothelial,1027
721,480.857,4,Endothelial,1028
579,481,4,Endothelial,1029
477.333,483.667,4,Endothelial,1030
602.5,453.5,5,Endothelial,1031
268,72.8333,6,Endothelial,1032
271.2,75.3,6,Endothelial,1033
104.333,111.667,6,Endothelial,1034
490.333,124.833,6,Endothelial,1035
484.913,129.391,6,Endothelial,1036
499.667,169.333,6,Endothelial,1037
395.667,216.333,6,Endothelial,1038
394.667,218.333,6,Endothelial,1039
530.667,227.667,6,Endothelial,1040
515.833,231.667,6,Endothelial,1041
132.333,249.333,6,Endothelial,1042
661,254.75,6,Endothelial,1043
662.3,258.4,6,Endothelial,1044
173.667,282.667,6,Endothelial,1045
174.333,288.333,6,Endothelial,1046
192.5,290.5,6,Endothelial,1047
526.182,292.909,6,Endothelial,1048
234.75,298,6,Endothelial,1049
207.667,316.333,6,Endothelial,1050
663.333,317.667,6,Endothelial,1051
520.75,320,6,Endothelial,1052
519,338,6,Endothelial,1053
645,339,6,Endothelial,1054
727.333,339.667,6,Endothelial,1055
342,350,6,Endothelial,1056
149.667,357.333,6,Endothelial,1057
144.571,359.571,6,Endothelial,1058
596,365.111,6,Endothelial,1059
649.5,366.5,6,Endothelial,1060
621.75,371,6,Endothelial,1061
599.333,372.667,6,Endothelial,1062
125.6,374.8,6,Endothelial,1063
487.667,377.667,6,Endothelial,1064
485.2,380.2,6,Endothelial,1065
593.286,385.429,6,Endothelial,1066
657.5,392.5,6,Endothelial,1067
488.125,396.75,6,Endothelial,1068
498,396,6,Endothelial,1069
620,405,6,Endothelial,1070
636.25,405.875,6,Endothelial,1071
570,407.5,6,Endothelial,1072
574.333,408.667,6,Endothelial,1073
368.667,409.333,6,Endothelial,1074
489.6,410.8,6,Endothelial,1075
576.333,410.333,6,Endothelial,1076
460.667,413.333,6,Endothelial,1077
491.714,414.571,6,Endothelial,1078
696.667,414.667,6,Endothelial,1079
456.5,415.5,6,Endothelial,1080
462,416,6,Endothelial,1081
572.8,415.6,6,Endothelial,1082
582.167,416.333,6,Endothelial,1083
242.667,418.333,6,Endothelial,1084
575.333,422.667,6,Endothelial,1085
468.5,423.5,6,Endothelial,1086
594.167,424.167,6,Endothelial,1087
623.2,424.2,6,Endothelial,1088
591.5,426.5,6,Endothelial,1089
686.25,429,6,Endothelial,1090
620.4,431.2,6,Endothelial,1091
542.667,433.667,6,Endothelial,1092
665.333,433.333,6,Endothelial,1093
599,436,6,Endothelial,1094
593.667,438.333,6,Endothelial,1095
473.5,439,6,Endothelial,1096
476.8,441.2,6,Endothelial,1097
483.25,448,6,Endothelial,1098
488.667,448.667,6,Endothelial,1099
595.214,451.286,6,Endothelial,1100
459.5,451,6,Endothelial,1101
602.167,452.167,6,Endothelial,1102
462.667,452.333,6,Endothelial,1103
521.714,456,6,Endothelial,1104
598.273,458.818,6,Endothelial,1105
641,459.625,6,Endothelial,1106
486.571,462.286,6,Endothelial,1107
596.333,462.667,6,Endothelial,1108
643.333,464.667,6,Endothelial,1109
487.5,471,6,Endothelial,1110
598,476.316,6,Endothelial,1111
494,483.5,6,Endothelial,1112
490.5,485,6,Endothelial,1113
789.5,490,6,Endothelial,1114
216,494.5,6,Endothelial,1115
223.667,506.333,6,Endothelial,1116
488.5,104.5,7,Endothelial,1117
631.333,246.667,7,Endothelial,1118
764.333,317.333,7,Endothelial,1119
530,396.8,7,Endothelial,1120
569.333,401.333,7,Endothelial,1121
540.2,456.6,7,Endothelial,1122
468.333,461.333,7,Endothelial,1123
806.4,482.8,7,Endothelial,1124
475,88,8,Endothelial,1125
477.714,95.2857,8,Endothelial,1126
476,97,8,Endothelial,1127
477,100,8,Endothelial,1128
528.5,172.5,8,Endothelial,1129
530.5,174.5,8,Endothelial,1130
498.333,179.333,8,Endothelial,1131
500.333,187.667,8,Endothelial,1132
390.333,195.333,8,Endothelial,1133
514.667,201.333,8,Endothelial,1134
609.333,215.667,8,Endothelial,1135
503.8,217.4,8,Endothelial,1136
634.2,225.8,8,Endothelial,1137
622.333,228.333,8,Endothelial,1138
635.167,231.5,8,Endothelial,1139
681.5,261,8,Endothelial,1140
506.667,261.333,8,Endothelial,1141
503.2,263.2,8,Endothelial,1142
506.25,268.667,8,Endothelial,1143
186.4,281.8,8,Endothelial,1144
501.4,322.4,8,Endothelial,1145
616.5,328.5,8,Endothelial,1146
141.333,335.333,8,Endothelial,1147
619.333,342.667,8,Endothelial,1148
569.667,347.667,8,Endothelial,1149
567.4,350.4,8,Endothelial,1150
333.75,353.75,8,Endothelial,1151
572.5,356,8,Endothelial,1152
565,358,8,Endothelial,1153
569.333,360.333,8,Endothelial,1154
594.5,364,8,Endothelial,1155
188.5,366,8,Endothelial,1156
661.667,370.667,8,Endothelial,1157
196.5,379.5,8,Endothelial,1158
553.667,381.667,8,Endothelial,1159
553.5,385.333,8,Endothelial,1160
552,388,8,Endothelial,1161
466.222,391.667,8,Endothelial,1162
550.5,393.5,8,Endothelial,1163
549,395.75,8,Endothelial,1164
587.667,397.667,8,Endothelial,1165
674.286,399.571,8,Endothelial,1166
351.5,401.5,8,Endothelial,1167
548.5,402.5,8,Endothelial,1168
545,402.5,8,Endothelial,1169
643.333,405.333,8,Endothelial,1170
213.667,404.333,8,Endothelial,1171
590,405,8,Endothelial,1172
549.273,412,8,Endothelial,1173
473.333,411.333,8,Endothelial,1174
548.667,416.667,8,Endothelial,1175
431.5,418.5,8,Endothelial,1176
545.5,418.5,8,Endothelial,1177
590.429,419.143,8,Endothelial,1178
543.5,421,8,Endothelial,1179
546.667,420.667,8,Endothelial,1180
568.333,421.667,8,Endothelial,1181
592.333,423.667,8,Endothelial,1182
577.6,424.8,8,Endothelial,1183
596,427,8,Endothelial,1184
583.333,428,8,Endothelial,1185
437,431,8,Endothelial,1186
659.333,431.667,8,Endothelial,1187
676.5,432.5,8,Endothelial,1188
246.667,433.667,8,Endothelial,1189
570.333,434.833,8,Endothelial,1190
638,436.167,8,Endothelial,1191
566,437,8,Endothelial,1192
568.2,439,8,Endothelial,1193
495.1,442.1,8,Endothelial,1194
564.111,444.222,8,Endothelial,1195
568.636,446.455,8,Endothelial,1196
632,447,8,Endothelial,1197
565.071,452.286,8,Endothelial,1198
491.5,452.5,8,Endothelial,1199
444.6,455.4,8,Endothelial,1200
490.4,460.2,8,Endothelial,1201
446,462.5,8,Endothelial,1202
506,466,8,Endothelial,1203
440,468,8,Endothelial,1204
633.5,471.5,8,Endothelial,1205
418.667,472.667,8,Endothelial,1206
479.375,479.75,8,Endothelial,1207
183.2,507.8,8,Endothelial,1208
260.667,78.6667,9,Endothelial,1209
99.75,92,9,Endothelial,1210
428.143,97.8571,9,Endothelial,1211
564.667,111.333,9,Endothelial,1212
553.5,116.5,9,Endothelial,1213
555.5,118.5,9,Endothelial,1214
440.056,128.889,9,Endothelial,1215
447,126,9,Endothelial,1216
522.667,136.667,9,Endothelial,1217
568.333,138.667,9,Endothelial,1218
534.667,152.333,9,Endothelial,1219
498.6,156.8,9,Endothelial,1220
449,158.8,9,Endothelial,1221
550,160,9,Endothelial,1222
232.545,169.909,9,Endothelial,1223
226.333,179.333,9,Endothelial,1224
459,203.75,9,Endothelial,1225
475,209.167,9,Endothelial,1226
466.9,212.95,9,Endothelial,1227
475.5,213.5,9,Endothelial,1228
482.083,215.25,9,Endothelial,1229
465.8,219.4,9,Endothelial,1230
472.4,224,9,Endothelial,1231
570.333,225.667,9,Endothelial,1232
468.25,227.75,9,Endothelial,1233
493.667,226.667,9,Endothelial,1234
372.5,243,9,Endothelial,1235
138.333,246.667,9,Endothelial,1236
593,256,9,Endothelial,1237
473.214,278,9,Endothelial,1238
621.333,277.667,9,Endothelial,1239
135,293,9,Endothelial,1240
170.833,294.833,9,Endothelial,1241
182.5,294.5,9,Endothelial,1242
173.333,297.333,9,Endothelial,1243
158.333,299.333,9,Endothelial,1244
177.5,307.5,9,Endothelial,1245
634.5,345,9,Endothelial,1246
605.667,350.333,9,Endothelial,1247
804.2,353.6,9,Endothelial,1248
619.667,356.667,9,Endothelial,1249
153.333,357.333,9,Endothelial,1250
559.5,357.6,9,Endothelial,1251
216.5,360,9,Endothelial,1252
554.5,361,9,Endothelial,1253
551.5,361.5,9,Endothelial,1254
649.5,361.5,9,Endothelial,1255
549.5,367,9,Endothelial,1256
566.333,367.667,9,Endothelial,1257
547.5,369.5,9,Endothelial,1258
580.8,372.2,9,Endothelial,1259
702,371.5,9,Endothelial,1260
542.5,372.5,9,Endothelial,1261
100.167,375,9,Endothelial,1262
713.333,377.333,9,Endothelial,1263
451.333,388.667,9,Endothelial,1264
575.667,389.667,9,Endothelial,1265
247.5,394.5,9,Endothelial,1266
205.5,395.5,9,Endothelial,1267
324,400.5,9,Endothelial,1268
327.143,400.571,9,Endothelial,1269
446.667,399.667,9,Endothelial,1270
567,402.167,9,Endothelial,1271
333,407.5,9,Endothelial,1272
438.667,409.667,9,Endothelial,1273
541,413,9,Endothelial,1274
559,413,9,Endothelial,1275
188.5,414.5,9,Endothelial,1276
554,415,9,Endothelial,1277
444.333,417.667,9,Endothelial,1278
579,418.5,9,Endothelial,1279
607.333,419.667,9,Endothelial,1280
510.444,426.444,9,Endothelial,1281
229,426.833,9,Endothelial,1282
208.5,428,9,Endothelial,1283
330.2,428.6,9,Endothelial,1284
328.667,434.667,9,Endothelial,1285
328.5,440.5,9,Endothelial,1286
338.333,441.667,9,Endothelial,1287
458.5,443.5,9,Endothelial,1288
556.333,444.333,9,Endothelial,1289
329.667,445.333,9,Endothelial,1290
631.333,449.667,9,Endothelial,1291
579.833,456,9,Endothelial,1292
430.667,457.333,9,Endothelial,1293
426.8,459.6,9,Endothelial,1294
411.5,459.5,9,Endothelial,1295
430.667,461.667,9,Endothelial,1296
401.5,462.5,9,Endothelial,1297
428.647,467.824,9,Endothelial,1298
588.75,465,9,Endothelial,1299
413.571,465.714,9,Endothelial,1300
480.333,468.667,9,Endothelial,1301
464.176,473.353,9,Endothelial,1302
630.333,471.333,9,Endothelial,1303
649.333,473.333,9,Endothelial,1304
459.846,477.077,9,Endothelial,1305
483.5,477.5,9,Endothelial,1306
441,481,9,Endothelial,1307
461,482,9,Endothelial,1308
503.5,481.5,9,Endothelial,1309
465,484.5,9,Endothelial,1310
441.625,486.875,9,Endothelial,1311
438.333,486.667,9,Endothelial,1312
461.25,487.25,9,Endothelial,1313
464,488,9,Endothelial,1314
802.333,487.667,9,Endothelial,1315
801.333,490.667,9,Endothelial,1316
422,494.5,9,Endothelial,1317
445.333,493.667,9,Endothelial,1318
433.182,496.091,9,Endothelial,1319
448,499,9,Endothelial,1320
799.6,500.8,9,Endothelial,1321
430.9,503,9,Endothelial,1322
450.643,504.643,9,Endothelial,1323
693.273,504.636,9,Endothelial,1324
461,506.5,9,Endothelial,1325
204.667,508.667,9,Endothelial,1326
801.333,519.667,9,Endothelial,1327
309.333,78.3333,10,Endothelial,1328
523.5,98.5,10,Endothelial,1329
524.167,103.167,10,Endothelial,1330
526.667,105.333,10,Endothelial,1331
544,133,10,Endothelial,1332
518.5,133.5,10,Endothelial,1333
271.25,137,10,Endothelial,1334
519.5,136.5,10,Endothelial,1335
127.333,162.333,10,Endothelial,1336
127.667,164.667,10,Endothelial,1337
534.333,173.333,10,Endothelial,1338
560.625,195.375,10,Endothelial,1339
567.5,210.5,10,Endothelial,1340
582.5,214,10,Endothelial,1341
534.333,215.667,10,Endothelial,1342
153.5,220.5,10,Endothelial,1343
413.4,220.8,10,Endothelial,1344
526.5,222,10,Endothelial,1345
333.778,223.111,10,Endothelial,1346
538.167,228.917,10,Endothelial,1347
530.375,232.625,10,Endothelial,1348
533.833,233.167,10,Endothelial,1349
669.889,250.444,10,Endothelial,1350
91.4,251.8,10,Endothelial,1351
528.429,259.786,10,Endothelial,1352
153,261,10,Endothelial,1353
236.5,261.5,10,Endothelial,1354
238.667,262.667,10,Endothelial,1355
195.333,267.333,10,Endothelial,1356
169,269.167,10,Endothelial,1357
349.5,272,10,Endothelial,1358
231.5,310.5,10,Endothelial,1359
167.5,324.5,10,Endothelial,1360
183.333,332.333,10,Endothelial,1361
231.5,334.5,10,Endothelial,1362
127.5,335.5,10,Endothelial,1363
143.667,335.667,10,Endothelial,1364
179.333,337.667,10,Endothelial,1365
251.667,337.667,10,Endothelial,1366
104.5,338.5,10,Endothelial,1367
198.4,341.8,10,Endothelial,1368
678,343.25,10,Endothelial,1369
714.5,345,10,Endothelial,1370
715.4,347.8,10,Endothelial,1371
656,348.5,10,Endothelial,1372
608.333,354.333,10,Endothelial,1373
600.667,357.5,10,Endothelial,1374
606.333,356.333,10,Endothelial,1375
330.5,357.5,10,Endothelial,1376
603.5,357.5,10,Endothelial,1377
634.5,360.5,10,Endothelial,1378
105.2,363.6,10,Endothelial,1379
703.5,364,10,Endothelial,1380
616.667,365.167,10,Endothelial,1381
586.5,366.5,10,Endothelial,1382
622.5,367,10,Endothelial,1383
627.8,370.2,10,Endothelial,1384
342.333,378.667,10,Endothelial,1385
760.667,379.667,10,Endothelial,1386
529.429,382.714,10,Endothelial,1387
347,386.5,10,Endothelial,1388
477.333,385.667,10,Endothelial,1389
567.5,389,10,Endothelial,1390
686.667,388.333,10,Endothelial,1391
262.5,391.5,10,Endothelial,1392
611.2,397.2,10,Endothelial,1393
463.667,397.667,10,Endothelial,1394
646.5,398.5,10,Endothelial,1395
690,400,10,Endothelial,1396
240.333,400.333,10,Endothelial,1397
338.6,407.4,10,Endothelial,1398
460.182,407.636,10,Endothelial,1399
574,408,10,Endothelial,1400
334.417,412.417,10,Endothelial,1401
477.667,416.667,10,Endothelial,1402
334.071,419.786,10,Endothelial,1403
541.333,418.667,10,Endothelial,1404
435.667,420.667,10,Endothelial,1405
440.333,424.667,10,Endothelial,1406
540.5,424.5,10,Endothelial,1407
464.5,426.5,10,Endothelial,1408
257.333,428.333,10,Endothelial,1409
334.667,429.667,10,Endothelial,1410
464.5,429.5,10,Endothelial,1411
653.667,429.667,10,Endothelial,1412
654.5,432.5,10,Endothelial,1413
438.571,437.286,10,Endothelial,1414
496.722,437.278,10,Endothelial,1415
412.667,437.667,10,Endothelial,1416
443,440.5,10,Endothelial,1417
502.286,439.857,10,Endothelial,1418
588.2,440.2,10,Endothelial,1419
505.5,441,10,Endothelial,1420
422.75,444,10,Endothelial,1421
660.333,443.333,10,Endothelial,1422
442.667,444.667,10,Endothelial,1423
537.167,447,10,Endothelial,1424
424.9,448.2,10,Endothelial,1425
443.333,448.333,10,Endothelial,1426
439.75,450.25,10,Endothelial,1427
613.4,455.8,10,Endothelial,1428
439.545,458.455,10,Endothelial,1429
443.333,456.333,10,Endothelial,1430
421.667,460.667,10,Endothelial,1431
475.8,461.9,10,Endothelial,1432
289.318,464.5,10,Endothelial,1433
450.8,465,10,Endothelial,1434
478.571,465.429,10,Endothelial,1435
623.6,464.8,10,Endothelial,1436
284.714,465.857,10,Endothelial,1437
471.857,467.786,10,Endothelial,1438
281,466,10,Endothelial,1439
445.75,468.25,10,Endothelial,1440
625.333,468.667,10,Endothelial,1441
445.5,474,10,Endothelial,1442
523.375,474.875,10,Endothelial,1443
476.333,474.333,10,Endothelial,1444
450.6,476.2,10,Endothelial,1445
472,477,10,Endothelial,1446
440.5,479.167,10,Endothelial,1447
444.333,478.667,10,Endothelial,1448
524.667,478.667,10,Endothelial,1449
686.5,478,10,Endothelial,1450
474,479.5,10,Endothelial,1451
436.143,482.857,10,Endothelial,1452
453.333,489.1,10,Endothelial,1453
676.333,484.333,10,Endothelial,1454
433.333,487.333,10,Endothelial,1455
443,491.5,10,Endothelial,1456
203,495,10,Endothelial,1457
445.5,494.5,10,Endothelial,1458
464.5,495.5,10,Endothelial,1459
733.5,515.5,10,Endothelial,1460
706.938,518.312,10,Endothelial,1461
333,87,11,Endothelial,1462
165.5,89.5,11,Endothelial,1463
168.333,90.6667,11,Endothelial,1464
171.5,92,11,Endothelial,1465
361,101.5,11,Endothelial,1466
195.857,108.571,11,Endothelial,1467
550.579,125.421,11,Endothelial,1468
548.143,130.286,11,Endothelial,1469
544.222,135.667,11,Endothelial,1470
547.667,137.333,11,Endothelial,1471
547,139.5,11,Endothelial,1472
551.333,143.667,11,Endothelial,1473
555,143.25,11,Endothelial,1474
570.4,179.7,11,Endothelial,1475
167,191.5,11,Endothelial,1476
587.5,198.5,11,Endothelial,1477
108.333,210.333,11,Endothelial,1478
592.875,211.375,11,Endothelial,1479
619.333,227.667,11,Endothelial,1480
205.667,241.333,11,Endothelial,1481
589.667,243.167,11,Endothelial,1482
599.25,247.75,11,Endothelial,1483
209,249.75,11,Endothelial,1484
601.4,250.2,11,Endothelial,1485
610,252,11,Endothelial,1486
601.444,254.667,11,Endothelial,1487
588,259,11,Endothelial,1488
589.5,263.5,11,Endothelial,1489
595.8,265.8,11,Endothelial,1490
601.667,265.667,11,Endothelial,1491
736.143,285.571,11,Endothelial,1492
716.6,286.4,11,Endothelial,1493
204.778,287.222,11,Endothelial,1494
211.5,287.5,11,Endothelial,1495
601.5,292.5,11,Endothelial,1496
248.5,298.5,11,Endothelial,1497
223.667,301.333,11,Endothelial,1498
252,301,11,Endothelial,1499
256,305.5,11,Endothelial,1500
745.5,309.5,11,Endothelial,1501
782,327,11,Endothelial,1502
127,342,11,Endothelial,1503
218.333,350.667,11,Endothelial,1504
231.5,362,11,Endothelial,1505
729.077,375.615,11,Endothelial,1506
750,376.25,11,Endothelial,1507
797,378.5,11,Endothelial,1508
697.5,384.5,11,Endothelial,1509
696.333,386.667,11,Endothelial,1510
721.667,389.333,11,Endothelial,1511
680.5,390.5,11,Endothelial,1512
741.5,396.5,11,Endothelial,1513
449,400.8,11,Endothelial,1514
455.8,407.2,11,Endothelial,1515
459.5,406.5,11,Endothelial,1516
450.333,409.333,11,Endothelial,1517
463,413,11,Endothelial,1518
315.333,414.667,11,Endothelial,1519
557,418.714,11,Endothelial,1520
568,420,11,Endothelial,1521
713.5,420.5,11,Endothelial,1522
274.714,423.286,11,Endothelial,1523
745.5,424.5,11,Endothelial,1524
659.286,429,11,Endothelial,1525
558,429.5,11,Endothelial,1526
663.5,429,11,Endothelial,1527
668.5,431.3,11,Endothelial,1528
542.333,436.667,11,Endothelial,1529
295.333,438.667,11,Endothelial,1530
543.5,439.5,11,Endothelial,1531
641,439,11,Endothelial,1532
522.2,440.6,11,Endothelial,1533
544.667,442.333,11,Endothelial,1534
744.667,443.333,11,Endothelial,1535
517.8,446.2,11,Endothelial,1536
563.375,447.25,11,Endothelial,1537
541.75,448,11,Endothelial,1538
574,452,11,Endothelial,1539
522.5,453.5,11,Endothelial,1540
543.8,459.9,11,Endothelial,1541
529.667,460.333,11,Endothelial,1542
682.667,464.667,11,Endothelial,1543
641,467.667,11,Endothelial,1544
668.333,468.333,11,Endothelial,1545
545,472,11,Endothelial,1546
588,473.5,11,Endothelial,1547
739.333,473.667,11,Endothelial,1548
541.333,475.667,11,Endothelial,1549
757.5,478.5,11,Endothelial,1550
129.667,479.333,11,Endothelial,1551
587.5,479.5,11,Endothelial,1552
573.85,483.2,11,Endothelial,1553
636.188,483.875,11,Endothelial,1554
546.143,485.929,11,Endothelial,1555
552.25,484,11,Endothelial,1556
551.3,489.3,11,Endothelial,1557
575.833,488,11,Endothelial,1558
571.1,490.7,11,Endothelial,1559
778.5,490,11,Endothelial,1560
574.75,493.25,11,Endothelial,1561
633,492.714,11,Endothelial,1562
262.667,493.333,11,Endothelial,1563
544,494.8,11,Endothelial,1564
572.688,497.312,11,Endothelial,1565
553,497,11,Endothelial,1566
155.5,501,11,Endothelial,1567
552,502,11,Endothelial,1568
545.667,503.333,11,Endothelial,1569
544.5,506,11,Endothelial,1570
539.125,507.75,11,Endothelial,1571
553,510.75,11,Endothelial,1572
546.333,512.667,11,Endothelial,1573
567,517.5,11,Endothelial,1574
403.667,96.3333,12,Endothelial,1575
539.5,131.5,12,Endothelial,1576
548.667,141.333,12,Endothelial,1577
577,163,12,Endothelial,1578
581.667,177.333,12,Endothelial,1579
253.5,250.5,12,Endothelial,1580
613.333,262.333,12,Endothelial,1581
176.667,270.333,12,Endothelial,1582
607.667,270.333,12,Endothelial,1583
290.5,292.5,12,Endothelial,1584
712.2,383.4,12,Endothelial,1585
455.333,396.667,12,Endothelial,1586
466.333,408.667,12,Endothelial,1587
458.333,409.667,12,Endothelial,1588
371.5,413.5,12,Endothelial,1589
466.667,417.333,12,Endothelial,1590
679,426.25,12,Endothelial,1591
482.5,428,12,Endothelial,1592
567.4,437.8,12,Endothelial,1593
660.6,445.8,12,Endothelial,1594
654.667,452.333,12,Endothelial,1595
721,453,12,Endothelial,1596
184.2,463.4,12,Endothelial,1597
697.2,468.4,12,Endothelial,1598
582.75,473,12,Endothelial,1599
658.889,482.333,12,Endothelial,1600
587,489.833,12,Endothelial,1601
555.5,491,12,Endothelial,1602
585.667,495.667,12,Endothelial,1603
219.2,501.4,12,Endothelial,1604
649.5,503,12,Endothelial,1605
216.5,517.5,12,Endothelial,1606
408.429,96.4286,13,Endothelial,1607
215.833,103.667,13,Endothelial,1608
541.25,117.25,13,Endothelial,1609
548,127.833,13,Endothelial,1610
551.444,134.556,13,Endothelial,1611
584.333,160.667,13,Endothelial,1612
587.5,165.5,13,Endothelial,1613
589.6,174.4,13,Endothelial,1614
351.333,181.667,13,Endothelial,1615
209.6,187.6,13,Endothelial,1616
209.5,195,13,Endothelial,1617
601.286,197,13,Endothelial,1618
605.5,203,13,Endothelial,1619
161.5,205.5,13,Endothelial,1620
610.333,208.333,13,Endothelial,1621
625.667,225.333,13,Endothelial,1622
639.667,230.333,13,Endothelial,1623
618.667,244.333,13,Endothelial,1624
254.667,254.333,13,Endothelial,1625
626.667,254.333,13,Endothelial,1626
240,259,13,Endothelial,1627
136.333,260.667,13,Endothelial,1628
617.2,262.4,13,Endothelial,1629
625,261,13,Endothelial,1630
507.375,267.625,13,Endothelial,1631
762.2,284.2,13,Endothelial,1632
303.667,305.667,13,Endothelial,1633
776.667,310.667,13,Endothelial,1634
189.286,353.143,13,Endothelial,1635
314.5,361.5,13,Endothelial,1636
784.5,364.5,13,Endothelial,1637
769.75,371.25,13,Endothelial,1638
772,382.8,13,Endothelial,1639
461,391,13,Endothelial,1640
279.667,396.556,13,Endothelial,1641
458.2,401.8,13,Endothelial,1642
376.333,412.333,13,Endothelial,1643
707.429,418.571,13,Endothelial,1644
711.2,419.8,13,Endothelial,1645
358.667,421.667,13,Endothelial,1646
481.5,421.5,13,Endothelial,1647
489.333,423.667,13,Endothelial,1648
692,423.25,13,Endothelial,1649
343.5,424.5,13,Endothelial,1650
482.6,424.8,13,Endothelial,1651
586.2,426.4,13,Endothelial,1652
494.667,427.333,13,Endothelial,1653
352.667,428.333,13,Endothelial,1654
544.2,430,13,Endothelial,1655
497.667,430.333,13,Endothelial,1656
732.667,430.333,13,Endothelial,1657
738,431.545,13,Endothelial,1658
743.333,431.333,13,Endothelial,1659
748.9,436.3,13,Endothelial,1660
503,435.5,13,Endothelial,1661
590.667,439.667,13,Endothelial,1662
551.667,440.333,13,Endothelial,1663
218.5,442.5,13,Endothelial,1664
553,445.5,13,Endothelial,1665
663,445.556,13,Endothelial,1666
508.333,445.667,13,Endothelial,1667
513.667,445.333,13,Endothelial,1668
731,449.167,13,Endothelial,1669
516.5,449.8,13,Endothelial,1670
366.5,451.5,13,Endothelial,1671
554,452.5,13,Endothelial,1672
559,452,13,Endothelial,1673
667.5,454,13,Endothelial,1674
724.846,456.615,13,Endothelial,1675
452.75,458.75,13,Endothelial,1676
558,462,13,Endothelial,1677
592,463.5,13,Endothelial,1678
554,465,13,Endothelial,1679
706,465.75,13,Endothelial,1680
583.8,469.933,13,Endothelial,1681
553.2,474.8,13,Endothelial,1682
559,474.5,13,Endothelial,1683
755.833,480.667,13,Endothelial,1684
616.5,483,13,Endothelial,1685
570.5,484.5,13,Endothelial,1686
320.667,486.667,13,Endothelial,1687
594,488.091,13,Endothelial,1688
730,488.2,13,Endothelial,1689
212.667,490.778,13,Endothelial,1690
561,490,13,Endothelial,1691
598.167,491.75,13,Endothelial,1692
593.889,493.778,13,Endothelial,1693
217.5,493.5,13,Endothelial,1694
804.375,496.875,13,Endothelial,1695
218.636,497.909,13,Endothelial,1696
598.5,497,13,Endothelial,1697
659.318,503.227,13,Endothelial,1698
596.333,500.667,13,Endothelial,1699
598.5,502.714,13,Endothelial,1700
570.333,506.667,13,Endothelial,1701
782,507,13,Endothelial,1702
572.5,509.5,13,Endothelial,1703
660.5,515.5,13,Endothelial,1704
219.667,518.333,13,Endothelial,1705
491,105.5,14,Endothelial,1706
481.5,107.5,14,Endothelial,1707
574,109,14,Endothelial,1708
564.333,124.333,14,Endothelial,1709
485.571,132.286,14,Endothelial,1710
222.333,150.333,14,Endothelial,1711
220.5,152.5,14,Endothelial,1712
156.333,160.667,14,Endothelial,1713
365,165.5,14,Endothelial,1714
173,166.5,14,Endothelial,1715
689.333,193.667,14,Endothelial,1716
158.5,203.5,14,Endothelial,1717
147.667,206.667,14,Endothelial,1718
151.333,210.333,14,Endothelial,1719
273,226,14,Endothelial,1720
269,230.25,14,Endothelial,1721
136.667,231.667,14,Endothelial,1722
264.5,234.5,14,Endothelial,1723
333.25,239.25,14,Endothelial,1724
334.2,254.4,14,Endothelial,1725
149.5,261,14,Endothelial,1726
148.222,265.556,14,Endothelial,1727
197.667,267.333,14,Endothelial,1728
513.75,276,14,Endothelial,1729
638.8,284.6,14,Endothelial,1730
127.333,301.333,14,Endothelial,1731
268.667,318.333,14,Endothelial,1732
792,320.833,14,Endothelial,1733
200.8,323.6,14,Endothelial,1734
278.667,324.333,14,Endothelial,1735
286.5,355.5,14,Endothelial,1736
450.333,359.667,14,Endothelial,1737
254.5,371.5,14,Endothelial,1738
263.333,373.667,14,Endothelial,1739
738.5,379,14,Endothelial,1740
359.667,381.667,14,Endothelial,1741
708.8,387.2,14,Endothelial,1742
594,401,14,Endothelial,1743
351.333,408.333,14,Endothelial,1744
446,416.5,14,Endothelial,1745
524.667,416.333,14,Endothelial,1746
522.8,418.6,14,Endothelial,1747
532.667,426.333,14,Endothelial,1748
437.5,430.5,14,Endothelial,1749
436.75,437.125,14,Endothelial,1750
762.857,439.5,14,Endothelial,1751
656,439.5,14,Endothelial,1752
503,439.25,14,Endothelial,1753
564.5,439.5,14,Endothelial,1754
714,441,14,Endothelial,1755
752.6,441.2,14,Endothelial,1756
541.667,442.667,14,Endothelial,1757
539.667,444.667,14,Endothelial,1758
749,444.833,14,Endothelial,1759
684.333,447.333,14,Endothelial,1760
575.5,453.5,14,Endothelial,1761
539.5,455.5,14,Endothelial,1762
192.667,456.333,14,Endothelial,1763
561.333,456.333,14,Endothelial,1764
573.286,456.714,14,Endothelial,1765
199.667,461.667,14,Endothelial,1766
311,475.5,14,Endothelial,1767
713,475.5,14,Endothelial,1768
575.6,492.8,14,Endothelial,1769
207.333,493.667,14,Endothelial,1770
544,498.5,14,Endothelial,1771
573.625,501.125,14,Endothelial,1772
577.208,510.5,14,Endothelial,1773
570.833,509.833,14,Endothelial,1774
572.75,514,14,Endothelial,1775
575.667,515.667,14,Endothelial,1776
468.5,136.5,17,Endothelial,1777
771,299,17,Endothelial,1778
573,504,17,Endothelial,1779
360.333,88.3333,18,Endothelial,1780
363.5,97.5,18,Endothelial,1781
372.5,99.5,18,Endothelial,1782
383.667,101.333,18,Endothelial,1783
378.778,107.222,18,Endothelial,1784
437.5,107.5,18,Endothelial,1785
461.727,114.545,18,Endothelial,1786
494.5,117,18,Endothelial,1787
91.5,118.5,18,Endothelial,1788
95,120.167,18,Endothelial,1789
506.5,125,18,Endothelial,1790
502,127.5,18,Endothelial,1791
368.5,129,18,Endothelial,1792
496.167,130.333,18,Endothelial,1793
370,132.5,18,Endothelial,1794
523,132,18,Endothelial,1795
591.333,133.667,18,Endothelial,1796
470,136.5,18,Endothelial,1797
591,139.5,18,Endothelial,1798
504.333,142.667,18,Endothelial,1799
608.5,146.5,18,Endothelial,1800
508,147,18,Endothelial,1801
129,161.25,18,Endothelial,1802
125.667,163.667,18,Endothelial,1803
131.333,183.667,18,Endothelial,1804
524.5,206.5,18,Endothelial,1805
422.5,218.5,18,Endothelial,1806
519.4,234.6,18,Endothelial,1807
516.3,238,18,Endothelial,1808
176.5,239,18,Endothelial,1809
187.667,241.333,18,Endothelial,1810
180.667,242.333,18,Endothelial,1811
522,245.5,18,Endothelial,1812
626,250.167,18,Endothelial,1813
647,259,18,Endothelial,1814
94.3333,260.333,18,Endothelial,1815
407.833,264.167,18,Endothelial,1816
533.333,267.667,18,Endothelial,1817
411,270.5,18,Endothelial,1818
111.917,274.333,18,Endothelial,1819
98.3333,273.667,18,Endothelial,1820
705.5,281.5,18,Endothelial,1821
193.333,284.333,18,Endothelial,1822
701.286,285.143,18,Endothelial,1823
198.5,286.5,18,Endothelial,1824
203,291.5,18,Endothelial,1825
175.538,327,18,Endothelial,1826
167.8,329.6,18,Endothelial,1827
109.167,335.083,18,Endothelial,1828
668.667,338.667,18,Endothelial,1829
632.143,346.81,18,Endothelial,1830
713.556,347.111,18,Endothelial,1831
348.5,349.5,18,Endothelial,1832
357.333,351.667,18,Endothelial,1833
349.167,353.167,18,Endothelial,1834
597,352.4,18,Endothelial,1835
352,360.4,18,Endothelial,1836
354,363,18,Endothelial,1837
765,366,18,Endothelial,1838
626.5,368.5,18,Endothelial,1839
163,369,18,Endothelial,1840
637.5,369.5,18,Endothelial,1841
767,372,18,Endothelial,1842
181.667,377.333,18,Endothelial,1843
601.333,379.667,18,Endothelial,1844
590.6,388.4,18,Endothelial,1845
653.333,390.667,18,Endothelial,1846
700.5,396.5,18,Endothelial,1847
695.5,397.5,18,Endothelial,1848
483.333,398.333,18,Endothelial,1849
421,404,18,Endothelial,1850
425,405.25,18,Endothelial,1851
636.571,406.286,18,Endothelial,1852
428.2,406.8,18,Endothelial,1853
357,408,18,Endothelial,1854
419.6,408.2,18,Endothelial,1855
583.5,408,18,Endothelial,1856
600.667,410.333,18,Endothelial,1857
531.25,414,18,Endothelial,1858
552,417.5,18,Endothelial,1859
354.333,417.333,18,Endothelial,1860
478.333,418.667,18,Endothelial,1861
440.333,420.667,18,Endothelial,1862
457.5,425,18,Endothelial,1863
464.8,430.2,18,Endothelial,1864
444.667,433.667,18,Endothelial,1865
481.5,433.667,18,Endothelial,1866
440.714,435.714,18,Endothelial,1867
443.333,437.333,18,Endothelial,1868
469.091,442.455,18,Endothelial,1869
439.5,444.5,18,Endothelial,1870
463.833,445,18,Endothelial,1871
353.25,446.25,18,Endothelial,1872
457.8,450.6,18,Endothelial,1873
557.286,450.429,18,Endothelial,1874
563.333,452.333,18,Endothelial,1875
114.5,457,18,Endothelial,1876
120,461,18,Endothelial,1877
382.667,462.333,18,Endothelial,1878
480,466,18,Endothelial,1879
497.5,469.5,18,Endothelial,1880
235.667,477.667,18,Endothelial,1881
479.6,490.6,18,Endothelial,1882
478.333,493.667,18,Endothelial,1883
428,82,19,Endothelial,1884
209.667,93.3333,19,Endothelial,1885
266.333,93.6667,19,Endothelial,1886
414.667,95.6667,19,Endothelial,1887
264.667,104.667,19,Endothelial,1888
558.2,111,19,Endothelial,1889
492,113.8,19,Endothelial,1890
647,116.75,19,Endothelial,1891
566.375,122.125,19,Endothelial,1892
574.5,125,19,Endothelial,1893
581.333,129.333,19,Endothelial,1894
571.5,132,19,Endothelial,1895
477.333,141.333,19,Endothelial,1896
479.667,142.667,19,Endothelial,1897
641.2,145,19,Endothelial,1898
167.5,148,19,Endothelial,1899
624.875,158.375,19,Endothelial,1900
587.5,159.5,19,Endothelial,1901
226.75,164.25,19,Endothelial,1902
356.5,175.5,19,Endothelial,1903
352.714,177.143,19,Endothelial,1904
171,185,19,Endothelial,1905
168.5,188.5,19,Endothelial,1906
613.6,211.2,19,Endothelial,1907
645.2,214,19,Endothelial,1908
631.333,221.333,19,Endothelial,1909
145.667,246.667,19,Endothelial,1910
621,247,19,Endothelial,1911
181.6,269.8,19,Endothelial,1912
757.667,282.167,19,Endothelial,1913
510,285,19,Endothelial,1914
511.6,288.8,19,Endothelial,1915
643.5,288.5,19,Endothelial,1916
772.667,307.333,19,Endothelial,1917
280.333,320.667,19,Endothelial,1918
290.333,321.333,19,Endothelial,1919
302.667,324.167,19,Endothelial,1920
272.5,326,19,Endothelial,1921
275.667,327.667,19,Endothelial,1922
259.333,331.333,19,Endothelial,1923
217.5,340.5,19,Endothelial,1924
276.333,352.667,19,Endothelial,1925
277.333,360.667,19,Endothelial,1926
774.25,368.25,19,Endothelial,1927
777,370,19,Endothelial,1928
449,373.5,19,Endothelial,1929
747.667,379.333,19,Endothelial,1930
285,383,19,Endothelial,1931
754.5,382.5,19,Endothelial,1932
701.333,407.667,19,Endothelial,1933
324.667,408.333,19,Endothelial,1934
588.5,423.5,19,Endothelial,1935
587,427.2,19,Endothelial,1936
354.5,427.5,19,Endothelial,1937
349.667,428.333,19,Endothelial,1938
512,429,19,Endothelial,1939
520.333,431.333,19,Endothelial,1940
461,437.5,19,Endothelial,1941
636.786,437.429,19,Endothelial,1942
523.5,439.5,19,Endothelial,1943
218.2,443.8,19,Endothelial,1944
653.667,448.333,19,Endothelial,1945
535.667,449.333,19,Endothelial,1946
533.333,450.667,19,Endothelial,1947
533.5,453.5,19,Endothelial,1948
553.5,453.5,19,Endothelial,1949
575.6,454.4,19,Endothelial,1950
487.667,455.333,19,Endothelial,1951
538.5,460,19,Endothelial,1952
560.5,461,19,Endothelial,1953
532,466.5,19,Endothelial,1954
559,475.5,19,Endothelial,1955
467.5,478.5,19,Endothelial,1956
545.75,480.125,19,Endothelial,1957
548.333,481.667,19,Endothelial,1958
521.75,484,19,Endothelial,1959
481,484,19,Endothelial,1960
320.5,487.5,19,Endothelial,1961
523,487,19,Endothelial,1962
515,491,19,Endothelial,1963
517,493,19,Endothelial,1964
478.5,495.5,19,Endothelial,1965
327.667,505.667,19,Endothelial,1966
568.917,515.167,19,Endothelial,1967
445.667,88.6667,20,Endothelial,1968
395,98,20,Endothelial,1969
219.333,101.667,20,Endothelial,1970
534.6,102.2,20,Endothelial,1971
541.5,105,20,Endothelial,1972
473.4,115.8,20,Endothelial,1973
545.625,121.25,20,Endothelial,1974
243.5,125.5,20,Endothelial,1975
334.833,178.333,20,Endothelial,1976
626.286,191,20,Endothelial,1977
636,193.5,20,Endothelial,1978
205.5,197.5,20,Endothelial,1979
613,198.167,20,Endothelial,1980
153.6,199.4,20,Endothelial,1981
615.2,202.6,20,Endothelial,1982
101,213,20,Endothelial,1983
607.25,238,20,Endothelial,1984
496,263,20,Endothelial,1985
755.667,264.667,20,Endothelial,1986
498.667,270.333,20,Endothelial,1987
778.667,270.333,20,Endothelial,1988
264.667,317.667,20,Endothelial,1989
262.667,319.667,20,Endothelial,1990
261.25,322.25,20,Endothelial,1991
247.5,322.5,20,Endothelial,1992
273.667,322.333,20,Endothelial,1993
242.167,335,20,Endothelial,1994
226.5,338.5,20,Endothelial,1995
245.5,338.5,20,Endothelial,1996
182,342.5,20,Endothelial,1997
266.667,346.333,20,Endothelial,1998
333.667,347.333,20,Endothelial,1999
438.5,360,20,Endothelial,2000
347,384,20,Endothelial,2001
679.364,387.818,20,Endothelial,2002
498.25,393.375,20,Endothelial,2003
511.667,396.333,20,Endothelial,2004
502.667,399.333,20,Endothelial,2005
446.667,404.667,20,Endothelial,2006
515,406.5,20,Endothelial,2007
522,409,20,Endothelial,2008
461.5,412,20,Endothelial,2009
563.333,412.833,20,Endothelial,2010
520,414,20,Endothelial,2011
523.75,414,20,Endothelial,2012
539.667,415.667,20,Endothelial,2013
525.333,420.833,20,Endothelial,2014
543.667,436.667,20,Endothelial,2015
538.231,439.154,20,Endothelial,2016
571,438,20,Endothelial,2017
532,442.5,20,Endothelial,2018
179,451,20,Endothelial,2019
462.444,459.556,20,Endothelial,2020
200.333,466.667,20,Endothelial,2021
553.667,471.926,20,Endothelial,2022
556.5,477.5,20,Endothelial,2023
554.733,481.933,20,Endothelial,2024
554,488,20,Endothelial,2025
689.5,343.5,21,Endothelial,2026
472.667,315.333,22,Endothelial,2027
352.667,74.6667,23,Endothelial,2028
281.5,81.5,23,Endothelial,2029
360.667,84.3333,23,Endothelial,2030
129.667,99.6667,23,Endothelial,2031
445.5,102.5,23,Endothelial,2032
448,104,23,Endothelial,2033
452.5,106.875,23,Endothelial,2034
456.667,109.833,23,Endothelial,2035
459.333,111.333,23,Endothelial,2036
455.4,113.2,23,Endothelial,2037
368,121,23,Endothelial,2038
461.5,127.5,23,Endothelial,2039
364.8,130.2,23,Endothelial,2040
460.667,133.167,23,Endothelial,2041
231.5,163.5,23,Endothelial,2042
230.667,168.333,23,Endothelial,2043
513.5,174.5,23,Endothelial,2044
526.667,206.333,23,Endothelial,2045
617,206.5,23,Endothelial,2046
516,213,23,Endothelial,2047
523,219.2,23,Endothelial,2048
521.667,221.333,23,Endothelial,2049
507.5,226.5,23,Endothelial,2050
502.5,228,23,Endothelial,2051
200.6,230.2,23,Endothelial,2052
157.5,232.5,23,Endothelial,2053
134.5,241,23,Endothelial,2054
507.667,241.333,23,Endothelial,2055
631.667,271.667,23,Endothelial,2056
395.167,278,23,Endothelial,2057
728,295,23,Endothelial,2058
158.5,295.5,23,Endothelial,2059
669.5,307.5,23,Endothelial,2060
183.571,314.571,23,Endothelial,2061
152.5,319.5,23,Endothelial,2062
193.5,320.5,23,Endothelial,2063
144.4,328.8,23,Endothelial,2064
109.333,332.333,23,Endothelial,2065
145.5,355.5,23,Endothelial,2066
664.2,374.4,23,Endothelial,2067
656.5,375.5,23,Endothelial,2068
333.5,384.5,23,Endothelial,2069
724.5,385,23,Endothelial,2070
331.667,390.333,23,Endothelial,2071
598.5,390.5,23,Endothelial,2072
188.333,396.667,23,Endothelial,2073
332,410,23,Endothelial,2074
585.2,417.8,23,Endothelial,2075
480.667,420.333,23,Endothelial,2076
236,424.25,23,Endothelial,2077
231.5,425.5,23,Endothelial,2078
238.333,425.333,23,Endothelial,2079
390.25,428,23,Endothelial,2080
590.5,430,23,Endothelial,2081
325.333,431.333,23,Endothelial,2082
589.5,432.5,23,Endothelial,2083
352.667,438.333,23,Endothelial,2084
401.75,442,23,Endothelial,2085
351.333,445.333,23,Endothelial,2086
404.667,445.667,23,Endothelial,2087
407.5,447.833,23,Endothelial,2088
543.833,454.667,23,Endothelial,2089
413.5,460.5,23,Endothelial,2090
410.333,468.667,23,Endothelial,2091
442,471.5,23,Endothelial,2092
416.333,485.667,23,Endothelial,2093
422.783,488.304,23,Endothelial,2094
459.333,486.667,23,Endothelial,2095
351.5,503.5,23,Endothelial,2096
448.2,518.2,23,Endothelial,2097
451.667,519.333,23,Endothelial,2098
96.3277,82.0405,1,P53,2099
163.479,276.308,1,P53,2100
183.728,350.384,1,P53,2101
91.3846,421.308,1,P53,2102
473.537,86.1019,2,P53,2103
91.9804,78.9804,4,P53,2104
260.722,74.9286,4,P53,2105
242.688,175.433,4,P53,2106
463.336,175.172,4,P53,2107
272.783,215.535,4,P53,2108
509.714,232.652,4,P53,2109
556.197,241.559,4,P53,2110
163.73,256.057,4,P53,2111
569.111,264.34,4,P53,2112
179.032,273.04,4,P53,2113
182.824,330.418,4,P53,2114
92.55,297.525,4,P53,2115
513.471,325.725,4,P53,2116
109.07,335.391,4,P53,2117
150.42,333.546,4,P53,2118
163.451,340.514,4,P53,2119
132.425,343.208,4,P53,2120
160.393,362.553,4,P53,2121
586.731,358.414,4,P53,2122
128.278,373.208,4,P53,2123
584.027,388.271,4,P53,2124
371.058,395.142,4,P53,2125
480.851,397.119,4,P53,2126
570.759,405.814,4,P53,2127
180.549,409.868,4,P53,2128
228.151,415.18,4,P53,2129
451.126,421.744,4,P53,2130
477.674,423.791,4,P53,2131
236.972,431,4,P53,2132
514.686,434.393,4,P53,2133
646.077,455.55,4,P53,2134
217.594,440.906,4,P53,2135
241.777,446.926,4,P53,2136
486.697,472.055,4,P53,2137
585.319,478.167,4,P53,2138
443.992,490.602,4,P53,2139
423.671,503.374,4,P53,2140
175.119,516.988,4,P53,2141
211.091,517.273,4,P53,2142
150.74,517.616,4,P53,2143
229.357,519.5,4,P53,2144
255.5,520,4,P53,2145
123.979,190.085,6,P53,2146
97.1377,82.082,9,P53,2147
151.056,338.574,9,P53,2148
154.781,394.741,9,P53,2149
338.007,426.892,9,P53,2150
412.027,440.765,9,P53,2151
487.712,441.816,9,P53,2152
558.446,445.719,9,P53,2153
110,89.5,0,KI67,2154
110.19,102.952,0,KI67,2155
120.435,303.391,0,KI67,2156
133.412,302.647,0,KI67,2157
99,306.5,0,KI67,2158
228.421,307.895,0,KI67,2159
189.483,316.586,0,KI67,2160
175.2,323.4,0,KI67,2161
133.18,331.033,0,KI67,2162
180.675,333.425,0,KI67,2163
247.76,332.76,0,KI67,2164
91,333.5,0,KI67,2165
122.151,348.836,0,KI67,2166
232.611,348.222,0,KI67,2167
190.359,354.487,0,KI67,2168
132.118,378.471,0,KI67,2169
142.87,384.826,0,KI67,2170
149.5,385.5,0,KI67,2171
177.174,387.13,0,KI67,2172
160.5,388.5,0,KI67,2173
96.8889,77.9444,1,KI67,2174
92.4348,84.6087,1,KI67,2175
91,91.5,1,KI67,2176
102.615,236.962,1,KI67,2177
166.037,239.407,1,KI67,2178
148.5,241.5,1,KI67,2179
133.043,249.13,1,KI67,2180
92.5,253.5,1,KI67,2181
200,254,1,KI67,2182
208.663,260.625,1,KI67,2183
116.019,259.868,1,KI67,2184
135.083,259.083,1,KI67,2185
104.818,263.409,1,KI67,2186
160.549,267.902,1,KI67,2187
117.389,266.778,1,KI67,2188
173.791,274.224,1,KI67,2189
207.407,279.948,1,KI67,2190
165.5,275.5,1,KI67,2191
167.125,282.025,1,KI67,2192
228.479,284.354,1,KI67,2193
184.533,292.133,1,KI67,2194
223.026,290.846,1,KI67,2195
156.823,305.064,1,KI67,2196
196.262,309.402,1,KI67,2197
228.435,299.609,1,KI67,2198
131.85,309.35,1,KI67,2199
226.509,316.981,1,KI67,2200
207.5,322,1,KI67,2201
183.069,348.586,1,KI67,2202
208.278,85,2,KI67,2203
183.407,109.963,2,KI67,2204
198.444,109.926,2,KI67,2205
177.457,115.229,2,KI67,2206
173.043,125.087,2,KI67,2207
220.5,125,2,KI67,2208
166.957,142.022,2,KI67,2209
308.5,155,2,KI67,2210
158.793,159.034,2,KI67,2211
149.45,170.2,2,KI67,2212
141.25,176.75,2,KI67,2213
280.273,177.864,2,KI67,2214
120.647,205.559,2,KI67,2215
239.857,204.929,2,KI67,2216
113.5,250.5,2,KI67,2217
113.439,266.463,2,KI67,2218
266.52,274.92,2,KI67,2219
112.391,281.435,2,KI67,2220
229.5,282.5,2,KI67,2221
189.606,288.061,2,KI67,2222
259.81,288.952,2,KI67,2223
244,289.5,2,KI67,2224
234.5,293.5,2,KI67,2225
303.706,299.912,2,KI67,2226
178.5,300.5,2,KI67,2227
156.048,302.238,2,KI67,2228
208.105,305.579,2,KI67,2229
308.565,314.565,2,KI67,2230
229,316.5,2,KI67,2231
259.182,318,2,KI67,2232
265.579,322.895,2,KI67,2233
297.061,323.303,2,KI67,2234
313.375,325.062,2,KI67,2235
194.1,324.6,2,KI67,2236
271.939,325.333,2,KI67,2237
257.429,325.81,2,KI67,2238
194,330.8,2,KI67,2239
262.605,333.421,2,KI67,2240
313.111,333.278,2,KI67,2241
287.676,347.926,2,KI67,2242
352.882,343.529,2,KI67,2243
258.213,352.307,2,KI67,2244
331.326,353.326,2,KI67,2245
240.5,356.5,2,KI67,2246
296.791,359.698,2,KI67,2247
309.5,365.5,2,KI67,2248
307.5,371,2,KI67,2249
294.256,392.992,2,KI67,2250
283.233,392.4,2,KI67,2251
155.083,405.083,2,KI67,2252
186.435,417.435,2,KI67,2253
340,432.5,2,KI67,2254
172.286,466.643,2,KI67,2255
155.81,298.048,3,KI67,2256
181.211,305.947,3,KI67,2257
137,307.5,3,KI67,2258
225.25,310.15,3,KI67,2259
126.143,311.571,3,KI67,2260
159.222,311.389,3,KI67,2261
92,314,3,KI67,2262
224.318,318.045,3,KI67,2263
116.727,319.136,3,KI67,2264
239.5,319,3,KI67,2265
210.625,324.958,3,KI67,2266
106.278,335.506,3,KI67,2267
228.175,335.14,3,KI67,2268
165.829,331.371,3,KI67,2269
184.292,338.011,3,KI67,2270
172.273,338.636,3,KI67,2271
248.381,344.952,3,KI67,2272
183.381,355.262,3,KI67,2273
253.227,353.818,3,KI67,2274
109.045,355.091,3,KI67,2275
217.732,359.951,3,KI67,2276
216.707,368.834,3,KI67,2277
177.026,364.688,3,KI67,2278
121.727,365.409,3,KI67,2279
236.45,366.05,3,KI67,2280
147.653,373.05,3,KI67,2281
214.029,405.153,3,KI67,2282
202.263,400.684,3,KI67,2283
91.25,458.5,3,KI67,2284
92.4118,468.294,3,KI67,2285
104.222,493.389,3,KI67,2286
110.429,504.612,3,KI67,2287
166.093,307.023,4,KI67,2288
128.431,307.392,4,KI67,2289
112.895,314.132,4,KI67,2290
209,315.5,4,KI67,2291
105.917,317.917,4,KI67,2292
221.692,323.654,4,KI67,2293
94.7222,328.444,4,KI67,2294
149.833,334.262,4,KI67,2295
211.744,339.165,4,KI67,2296
91.5,335.5,4,KI67,2297
166.542,344.477,4,KI67,2298
149.864,340.727,4,KI67,2299
155.727,344.409,4,KI67,2300
227.57,352.342,4,KI67,2301
158.71,364.047,4,KI67,2302
198.016,371.705,4,KI67,2303
224.345,376.381,4,KI67,2304
100.759,369.103,4,KI67,2305
147.889,371.222,4,KI67,2306
212.5,371,4,KI67,2307
122.346,377.215,4,KI67,2308
139,376,4,KI67,2309
188.131,411.978,4,KI67,2310
569.875,440.208,4,KI67,2311
605.13,442.522,4,KI67,2312
576.5,446.5,4,KI67,2313
684.829,463.415,4,KI67,2314
111.826,220.13,6,KI67,2315
120.727,301.727,6,KI67,2316
136.414,301.931,6,KI67,2317
107.679,303.893,6,KI67,2318
154.457,304.674,6,KI67,2319
94.1053,307.553,6,KI67,2320
202,319.5,6,KI67,2321
206.5,323.5,6,KI67,2322
154.95,334.45,6,KI67,2323
147.8,341.629,6,KI67,2324
162,341.5,6,KI67,2325
139.77,354.336,6,KI67,2326
172.5,350,6,KI67,2327
227.062,350.938,6,KI67,2328
185.654,359.692,6,KI67,2329
214.5,361.5,6,KI67,2330
203.357,365.143,6,KI67,2331
91.2,367.8,6,KI67,2332
216.627,369.627,6,KI67,2333
171.613,387.413,6,KI67,2334
697.174,384.87,6,KI67,2335
196.331,394.753,6,KI67,2336
152.593,390.926,6,KI67,2337
162,391.5,6,KI67,2338
171.541,400.946,6,KI67,2339
186.83,402.298,6,KI67,2340
677.704,437.778,6,KI67,2341
135.579,83.1053,7,KI67,2342
119.435,203.391,7,KI67,2343
128.815,287.407,7,KI67,2344
119.5,288,7,KI67,2345
103.412,290.647,7,KI67,2346
140.5,292,7,KI67,2347
98.3889,292.778,7,KI67,2348
124.5,293,7,KI67,2349
185.96,298.64,7,KI67,2350
144.324,327.845,7,KI67,2351
126.969,341.379,7,KI67,2352
206.036,331.464,7,KI67,2353
207.333,345.222,7,KI67,2354
181.701,350.463,7,KI67,2355
93.8696,349.826,7,KI67,2356
169.864,360.727,7,KI67,2357
148.588,378.353,7,KI67,2358
175.095,389.305,7,KI67,2359
533.435,392.391,7,KI67,2360
163.565,394.609,7,KI67,2361
148.579,395.105,7,KI67,2362
661.083,404.083,7,KI67,2363
119.5,432,7,KI67,2364
412.5,432.5,7,KI67,2365
372.588,468.353,7,KI67,2366
327.412,474.647,7,KI67,2367
457.5,179,8,KI67,2368
327.833,200.333,8,KI67,2369
131.464,283.893,8,KI67,2370
118.857,282.357,8,KI67,2371
101.97,285.424,8,KI67,2372
140.971,287.4,8,KI67,2373
125,288,8,KI67,2374
183.412,296.647,8,KI67,2375
141.432,321.054,8,KI67,2376
205.75,330.656,8,KI67,2377
127.761,342.109,8,KI67,2378
206.389,345.667,8,KI67,2379
182.653,350.847,8,KI67,2380
97,347,8,KI67,2381
660.5,372,8,KI67,2382
125.087,380.522,8,KI67,2383
170.5,381.5,8,KI67,2384
119.5,383,8,KI67,2385
147.743,388.629,8,KI67,2386
176.086,394.396,8,KI67,2387
587.474,395.632,8,KI67,2388
657.81,395.048,8,KI67,2389
661,442,8,KI67,2390
423.069,444.586,8,KI67,2391
570.667,450.5,8,KI67,2392
338.074,481.407,8,KI67,2393
93.069,85.5862,9,KI67,2394
124,309,9,KI67,2395
100.755,311.528,9,KI67,2396
136.434,314.224,9,KI67,2397
148.444,315.889,9,KI67,2398
192.024,324.512,9,KI67,2399
208.523,342.068,9,KI67,2400
145.841,343.5,9,KI67,2401
138.917,345.917,9,KI67,2402
154.5,347.5,9,KI67,2403
135.75,353.083,9,KI67,2404
205.326,361.196,9,KI67,2405
92.3333,361.619,9,KI67,2406
120.456,362.691,9,KI67,2407
190.54,366.56,9,KI67,2408
198.5,373.5,9,KI67,2409
141.094,380.719,9,KI67,2410
129.37,383.957,9,KI67,2411
166.641,399.044,9,KI67,2412
128.5,394,9,KI67,2413
133.5,399.5,9,KI67,2414
143.906,405.531,9,KI67,2415
91.5,72,10,KI67,2416
515.174,167.13,10,KI67,2417
166.174,192.13,10,KI67,2418
535.75,231.5,10,KI67,2419
100.85,253.65,10,KI67,2420
160.778,261.111,10,KI67,2421
120,261.75,10,KI67,2422
180.5,263.5,10,KI67,2423
119.31,273.286,10,KI67,2424
141,274,10,KI67,2425
107.222,276.27,10,KI67,2426
153.351,279.959,10,KI67,2427
94.8269,280.212,10,KI67,2428
169.094,283.156,10,KI67,2429
715.105,282.579,10,KI67,2430
194.857,285.571,10,KI67,2431
210.647,294.412,10,KI67,2432
145.273,307.136,10,KI67,2433
228.041,313.309,10,KI67,2434
158.307,309.8,10,KI67,2435
146.95,317.017,10,KI67,2436
173.263,318.237,10,KI67,2437
95.3556,322.711,10,KI67,2438
107.385,327.41,10,KI67,2439
129.333,326.833,10,KI67,2440
185.872,329.051,10,KI67,2441
221.395,331.982,10,KI67,2442
612.222,329.611,10,KI67,2443
390.778,332.389,10,KI67,2444
193.5,333.5,10,KI67,2445
204.898,335.612,10,KI67,2446
213.5,342.5,10,KI67,2447
129.575,354.368,10,KI67,2448
167.065,366.903,10,KI67,2449
185.88,362.843,10,KI67,2450
134.105,360.579,10,KI67,2451
148.5,372.5,10,KI67,2452
419.619,378.905,10,KI67,2453
435.391,403.435,10,KI67,2454
440.5,414.5,10,KI67,2455
160.5,71.5,11,KI67,2456
150.019,83.3113,11,KI67,2457
165,88.5,11,KI67,2458
131.36,96.5,11,KI67,2459
168,96.5,11,KI67,2460
121.955,106.212,11,KI67,2461
98.5,122.5,11,KI67,2462
109.5,125,11,KI67,2463
102.571,127.571,11,KI67,2464
93.5789,129.895,11,KI67,2465
100.353,135.412,11,KI67,2466
94.2778,145.222,11,KI67,2467
95.1053,165.421,11,KI67,2468
147.083,173.083,11,KI67,2469
571.588,210.647,11,KI67,2470
104.579,222.895,11,KI67,2471
95.5,240.5,11,KI67,2472
92.5,246.5,11,KI67,2473
337.5,255.5,11,KI67,2474
133.412,275.353,11,KI67,2475
156.5,279.5,11,KI67,2476
96.3153,290.784,11,KI67,2477
225.5,296,11,KI67,2478
166.152,300.391,11,KI67,2479
154.5,300.5,11,KI67,2480
179,300.5,11,KI67,2481
133.714,321.849,11,KI67,2482
195.5,304.5,11,KI67,2483
202.056,307.222,11,KI67,2484
212.062,308.188,11,KI67,2485
220.643,310.857,11,KI67,2486
250.5,311.5,11,KI67,2487
257.375,318.675,11,KI67,2488
271.256,331.667,11,KI67,2489
201.5,334.5,11,KI67,2490
212.42,338.681,11,KI67,2491
226.293,342.483,11,KI67,2492
278.5,343,11,KI67,2493
196.324,345.162,11,KI67,2494
92.5,345.5,11,KI67,2495
159.722,347.778,11,KI67,2496
265.357,348.143,11,KI67,2497
179.588,348.647,11,KI67,2498
171.895,349.579,11,KI67,2499
238,352.5,11,KI67,2500
266.303,358.382,11,KI67,2501
196.069,367.586,11,KI67,2502
231.165,387.012,11,KI67,2503
184.935,378.694,11,KI67,2504
239.444,378.074,11,KI67,2505
198.87,388.174,11,KI67,2506
209,387.5,11,KI67,2507
208.5,392.9,11,KI67,2508
288.5,398.5,11,KI67,2509
92.5,402,11,KI67,2510
98.9167,418.917,11,KI67,2511
533.5,423.5,11,KI67,2512
100.362,431.348,11,KI67,2513
92.5,435.5,11,KI67,2514
95.8,447.85,11,KI67,2515
103.5,472.5,11,KI67,2516
114.647,474.588,11,KI67,2517
107.837,480.674,11,KI67,2518
142,479.5,11,KI67,2519
123.2,489.2,11,KI67,2520
255.826,489.13,11,KI67,2521
116.5,497,11,KI67,2522
131.364,501.818,11,KI67,2523
119.105,505.421,11,KI67,2524
129.386,515.795,11,KI67,2525
564.5,516.5,11,KI67,2526
206.421,81.8947,13,KI67,2527
204,89.5,13,KI67,2528
183.353,102.059,13,KI67,2529
169.5,112.5,13,KI67,2530
158.75,127.5,13,KI67,2531
469.647,130.588,13,KI67,2532
155.5,133.5,13,KI67,2533
143.596,150.596,13,KI67,2534
138.5,161.5,13,KI67,2535
132.292,164.958,13,KI67,2536
128.682,179.545,13,KI67,2537
121.517,191.5,13,KI67,2538
220,199.5,13,KI67,2539
129.679,202,13,KI67,2540
119.5,225.5,13,KI67,2541
110.095,249.381,13,KI67,2542
135,249.5,13,KI67,2543
587,259.5,13,KI67,2544
107,271.5,13,KI67,2545
185.5,280.5,13,KI67,2546
459.5,281,13,KI67,2547
119.46,293.556,13,KI67,2548
136.5,297,13,KI67,2549
121.727,300.409,13,KI67,2550
205.611,302.778,13,KI67,2551
226.649,303.176,13,KI67,2552
237.5,306.5,13,KI67,2553
180.37,309.087,13,KI67,2554
187.5,308,13,KI67,2555
249.173,309.038,13,KI67,2556
267.115,311.077,13,KI67,2557
170.864,318.282,13,KI67,2558
297.647,312.588,13,KI67,2559
277.353,313.412,13,KI67,2560
304.781,314.062,13,KI67,2561
310.3,320,13,KI67,2562
321.722,328.889,13,KI67,2563
189.935,340.393,13,KI67,2564
277.344,339.562,13,KI67,2565
283.742,340.29,13,KI67,2566
240.5,342.5,13,KI67,2567
234.5,344.5,13,KI67,2568
320.963,351.222,13,KI67,2569
216.083,358.917,13,KI67,2570
249.727,365.136,13,KI67,2571
236.304,367.239,13,KI67,2572
231.667,375.033,13,KI67,2573
262.222,379.389,13,KI67,2574
272.636,380.061,13,KI67,2575
237.5,380.5,13,KI67,2576
281.083,383.083,13,KI67,2577
144.161,400,13,KI67,2578
322,403,13,KI67,2579
155.8,428.84,13,KI67,2580
480.591,449.182,13,KI67,2581
173.5,466.5,13,KI67,2582
539.3,491,13,KI67,2583
218.273,517.864,13,KI67,2584
204.425,78.5,16,KI67,2585
207.5,87.5,16,KI67,2586
395.455,92.7727,16,KI67,2587
204,92.5,16,KI67,2588
393,99.5,16,KI67,2589
200.083,101.083,16,KI67,2590
188.069,110.414,16,KI67,2591
182.5,112.5,16,KI67,2592
178.136,118.273,16,KI67,2593
169.639,124.417,16,KI67,2594
157.727,142.136,16,KI67,2595
151.174,151.87,16,KI67,2596
134.525,180.85,16,KI67,2597
135.062,188.375,16,KI67,2598
106,275.5,16,KI67,2599
112.346,304.692,16,KI67,2600
198.5,310,16,KI67,2601
184.917,311.917,16,KI67,2602
210.857,311.429,16,KI67,2603
175.709,313.764,16,KI67,2604
191.882,313.529,16,KI67,2605
165.5,318,16,KI67,2606
219.118,320.471,16,KI67,2607
244.095,327.243,16,KI67,2608
162.5,328.5,16,KI67,2609
268.5,329,16,KI67,2610
262.5,330,16,KI67,2611
165.9,335.04,16,KI67,2612
305.2,333,16,KI67,2613
276.485,334.909,16,KI67,2614
310.722,338.611,16,KI67,2615
236.949,339.59,16,KI67,2616
224,340.5,16,KI67,2617
177.733,344.167,16,KI67,2618
214.421,343.895,16,KI67,2619
243.5,345.5,16,KI67,2620
220.033,348.667,16,KI67,2621
187.273,348.864,16,KI67,2622
194.571,349.857,16,KI67,2623
199.5,349.5,16,KI67,2624
126.083,354.083,16,KI67,2625
135,372.5,16,KI67,2626
224.425,378.589,16,KI67,2627
249.857,375.429,16,KI67,2628
144.667,403.5,16,KI67,2629
153.692,418.538,16,KI67,2630
169.346,456.115,16,KI67,2631
211.24,81.88,17,KI67,2632
403.5,86.5,17,KI67,2633
206.784,90.3243,17,KI67,2634
184.5,103.5,17,KI67,2635
174.8,109.3,17,KI67,2636
161.636,126.182,17,KI67,2637
152,139.714,17,KI67,2638
138,163.5,17,KI67,2639
140.1,170,17,KI67,2640
167.5,192.5,17,KI67,2641
126.143,198.429,17,KI67,2642
119.561,228.22,17,KI67,2643
113.31,237.862,17,KI67,2644
107.947,245.211,17,KI67,2645
636.5,281.5,17,KI67,2646
166.541,295.135,17,KI67,2647
175.407,293.815,17,KI67,2648
216.095,295.619,17,KI67,2649
240.76,313.077,17,KI67,2650
162.299,310.134,17,KI67,2651
269.115,313.962,17,KI67,2652
276.778,319.389,17,KI67,2653
176.23,324.365,17,KI67,2654
306.5,321,17,KI67,2655
223.5,323.5,17,KI67,2656
300.404,325.936,17,KI67,2657
213.5,326,17,KI67,2658
309.053,326.789,17,KI67,2659
185.5,328,17,KI67,2660
241.895,327.421,17,KI67,2661
196.638,330.017,17,KI67,2662
119,331.1,17,KI67,2663
129.146,345.293,17,KI67,2664
279.5,349.5,17,KI67,2665
218.529,355.882,17,KI67,2666
132.5,358.5,17,KI67,2667
228.962,364.692,17,KI67,2668
138.048,379.81,17,KI67,2669
351,384.5,17,KI67,2670
146.818,392.227,17,KI67,2671
347.529,409.882,17,KI67,2672
683.5,421.5,17,KI67,2673
158,425.2,17,KI67,2674
161.625,432.75,17,KI67,2675
168.105,449.579,17,KI67,2676
325.5,479,17,KI67,2677
407.748,80.6164,19,KI67,2678
413.854,73.2195,19,KI67,2679
204.667,82.7333,19,KI67,2680
195.955,90.6818,19,KI67,2681
187.5,111,19,KI67,2682
171.611,112.278,19,KI67,2683
163.25,126.75,19,KI67,2684
156.13,133.826,19,KI67,2685
151.828,148.483,19,KI67,2686
354.1,183.05,19,KI67,2687
135.192,191.308,19,KI67,2688
133.667,208.667,19,KI67,2689
183.95,270.55,19,KI67,2690
170.588,294.647,19,KI67,2691
190.421,296.105,19,KI67,2692
164.143,300.929,19,KI67,2693
219.9,305.1,19,KI67,2694
234.423,320.231,19,KI67,2695
173.565,327.391,19,KI67,2696
185.027,329.838,19,KI67,2697
193.05,332.95,19,KI67,2698
210.9,332.85,19,KI67,2699
200.568,334.757,19,KI67,2700
126.03,342.121,19,KI67,2701
142.5,340.5,19,KI67,2702
754.389,342.222,19,KI67,2703
198.611,344.778,19,KI67,2704
314.882,353.471,19,KI67,2705
238.917,366.083,19,KI67,2706
137.963,371.778,19,KI67,2707
319.414,404.069,19,KI67,2708
168.667,460.167,19,KI67,2709
180.2,478.84,19,KI67,2710
323.227,494.909,19,KI67,2711
191.588,507.647,19,KI67,2712
200.714,73.3571,20,KI67,2713
381.083,77.9167,20,KI67,2714
203.5,79,20,KI67,2715
391.469,87.5769,20,KI67,2716
203.222,84.6111,20,KI67,2717
199.061,93.3333,20,KI67,2718
193.5,99.5,20,KI67,2719
182.767,104.562,20,KI67,2720
161.849,121.245,20,KI67,2721
149.5,136.5,20,KI67,2722
149.576,143.424,20,KI67,2723
138.5,165.5,20,KI67,2724
134.87,174.174,20,KI67,2725
130.643,179.714,20,KI67,2726
124.062,194.062,20,KI67,2727
121.705,208.393,20,KI67,2728
122.5,220.5,20,KI67,2729
105.5,248.5,20,KI67,2730
101.5,265.5,20,KI67,2731
101.4,274.367,20,KI67,2732
100.5,283.5,20,KI67,2733
103.131,292.786,20,KI67,2734
187.186,296.731,20,KI67,2735
157.788,301.076,20,KI67,2736
211.112,305.153,20,KI67,2737
218.194,317.903,20,KI67,2738
157.551,320.821,20,KI67,2739
109.739,318.174,20,KI67,2740
111,323.5,20,KI67,2741
204.777,329.66,20,KI67,2742
173.241,329.127,20,KI67,2743
188.286,331.452,20,KI67,2744
123.083,343.083,20,KI67,2745
209,349.5,20,KI67,2746
228.391,355.232,20,KI67,2747
129.31,361.345,20,KI67,2748
206.105,357.421,20,KI67,2749
218.735,365.529,20,KI67,2750
134.04,375.8,20,KI67,2751
140.5,388.5,20,KI67,2752
144.5,400,20,KI67,2753
149,409,20,KI67,2754
157.5,429.5,20,KI67,2755
164,442,20,KI67,2756
174.5,464.5,20,KI67,2757
197.312,516.75,20,KI67,2758
110,89.5,23,KI67,2759
110.19,102.952,23,KI67,2760
120.435,303.391,23,KI67,2761
133.412,302.647,23,KI67,2762
99,306.5,23,KI67,2763
228.421,307.895,23,KI67,2764
189.483,316.586,23,KI67,2765
175.2,323.4,23,KI67,2766
133.18,331.033,23,KI67,2767
180.675,333.425,23,KI67,2768
247.76,332.76,23,KI67,2769
91,333.5,23,KI67,2770
122.151,348.836,23,KI67,2771
232.611,348.222,23,KI67,2772
190.359,354.487,23,KI67,2773
132.118,378.471,23,KI67,2774
142.87,384.826,23,KI67,2775
149.5,385.5,23,KI67,2776
177.174,387.13,23,KI67,2777
160.5,388.5,23,KI67,2778
338.4,326.6,2,DDB2,2779
251.353,79.4118,3,DDB2,2780
598.722,280.389,3,DDB2,2781
94.5549,300.723,3,DDB2,2782
141.044,341.412,3,DDB2,2783
182.032,303.714,3,DDB2,2784
208.238,317.602,3,DDB2,2785
173.023,307.023,3,DDB2,2786
226.156,309.594,3,DDB2,2787
237.99,317.444,3,DDB2,2788
230.069,331.739,3,DDB2,2789
154.617,322.95,3,DDB2,2790
186.412,328.647,3,DDB2,2791
241.611,333.722,3,DDB2,2792
184.214,338.171,3,DDB2,2793
115.75,336.85,3,DDB2,2794
126.565,341.609,3,DDB2,2795
248.381,344.952,3,DDB2,2796
196.231,349.91,3,DDB2,2797
253.388,356.735,3,DDB2,2798
218.033,367.664,3,DDB2,2799
143.053,361.368,3,DDB2,2800
217.75,360.85,3,DDB2,2801
154.13,364.174,3,DDB2,2802
236.45,366.05,3,DDB2,2803
250.27,371.587,3,DDB2,2804
235.136,377.273,3,DDB2,2805
213.015,402.6,3,DDB2,2806
94.2727,466.413,3,DDB2,2807
106.38,495.741,3,DDB2,2808
121.681,517.75,3,DDB2,2809
166.091,304.773,4,DDB2,2810
115.5,312,4,DDB2,2811
105.917,317.917,4,DDB2,2812
218.864,318.727,4,DDB2,2813
152.5,354,4,DDB2,2814
131.87,377.826,4,DDB2,2815
584.619,440.095,4,DDB2,2816
727,477,4,DDB2,2817
133.5,312,9,DDB2,2818
175.5,403,9,DDB2,2819
329.667,424.167,9,DDB2,2820
92.2,73.2,10,DDB2,2821
337.5,114.5,10,DDB2,2822
177.174,125.13,10,DDB2,2823
92.4,161.4,10,DDB2,2824
534.353,174.588,10,DDB2,2825
257.619,197.905,10,DDB2,2826
163.5,221,10,DDB2,2827
110.826,275.87,10,DDB2,2828
146.917,275.917,10,DDB2,2829
642.895,277.421,10,DDB2,2830
94.1154,280.923,10,DDB2,2831
159.164,281.4,10,DDB2,2832
170.959,283.673,10,DDB2,2833
107.826,283.87,10,DDB2,2834
194.857,285.571,10,DDB2,2835
415.083,287.083,10,DDB2,2836
660.273,303.136,10,DDB2,2837
227.5,310,10,DDB2,2838
91,318,10,DDB2,2839
139.5,324,10,DDB2,2840
115.174,328.13,10,DDB2,2841
362.083,332.083,10,DDB2,2842
198.778,334.389,10,DDB2,2843
139.619,346.905,10,DDB2,2844
267.5,357.5,10,DDB2,2845
214.571,390.429,10,DDB2,2846
112.5,411,10,DDB2,2847
206.353,412.588,10,DDB2,2848
230.174,413.13,10,DDB2,2849
384.083,448.083,10,DDB2,2850
429.567,456.733,10,DDB2,2851
410.409,465.273,10,DDB2,2852
424.867,482.533,10,DDB2,2853
437,490.5,10,DDB2,2854
132.3,181,11,DDB2,2855
129.3,232,11,DDB2,2856
314.5,241.5,11,DDB2,2857
687.5,267.5,11,DDB2,2858
348.5,395.5,11,DDB2,2859
520.895,395.579,11,DDB2,2860
134.5,502.5,11,DDB2,2861
365.5,388,18,DDB2,2862
176,109,20,DDB2,2863
155.5,133.5,20,DDB2,2864
102.5,251.5,20,DDB2,2865
133.905,378.381,20,DDB2,2866
439.846,378.231,20,DDB2,2867
193,501.5,20,DDB2,2868
